state_id,state_lgd_code,state_name,district_lgd_code,district_name,census_2001_code,census_2011_code,source,source_provider,source_download_date,source_filename,source_sha256,verified
an,35,Andaman And Nicobar Islands,603,Nicobars,2,638,Local Government Directory (LGD),"Ministry of Panchayati Raj, Government of India",2026-10-07,All_Districtof_India_2026-10-07_17-55-02.xlsx,387ce8805f54b68baaeda1dbc40751927e8eb981f2b48548ffeaf833a6881d68,true
an,35,Andaman And Nicobar Islands,632,North And Middle Andaman,0,639,Local Government Directory (LGD),"Ministry of Panchayati Raj, Government of India",2026-10-07,All_Districtof_India_2026-10-07_17-55-02.xlsx,387ce8805f54b68baaeda1dbc40751927e8eb981f2b48548ffeaf833a6881d68,true
an,35,Andaman And Nicobar Islands,602,South Andamans,1,640,Local Government Directory (LGD),"Ministry of Panchayati Raj, Government of India",2026-10-07,All_Districtof_India_2026-10-07_17-55-02.xlsx,387ce8805f54b68baaeda1dbc40751927e8eb981f2b48548ffeaf833a6881d68,true
ap,28,Andhra Pradesh,745,Alluri Sitharama Raju,0,0,Local Government Directory (LGD),"Ministry of Panchayati Raj, Government of India",2026-10-07,All_Districtof_India_2026-10-07_17-55-02.xlsx,387ce8805f54b68baaeda1dbc40751927e8eb981f2b48548ffeaf833a6881d68,true
ap,28,Andhra Pradesh,744,Anakapalli,0,0,Local Government Directory (LGD),"Ministry of Panchayati Raj, Government of India",2026-10-07,All_Districtof_India_2026-10-07_17-55-02.xlsx,387ce8805f54b68baaeda1dbc40751927e8eb981f2b48548ffeaf833a6881d68,true
ap,28,Andhra Pradesh,502,Ananthapuramu,22,553,Local Government Directory (LGD),"Ministry of Panchayati Raj, Government of India",2026-10-07,All_Districtof_India_2026-10-07_17-55-02.xlsx,387ce8805f54b68baaeda1dbc40751927e8eb981f2b48548ffeaf833a6881d68,true
ap,28,Andhra Pradesh,753,Annamayya,0,0,Local Government Directory (LGD),"Ministry of Panchayati Raj, Government of India",2026-10-07,All_Districtof_India_2026-10-07_17-55-02.xlsx,387ce8805f54b68baaeda1dbc40751927e8eb981f2b48548ffeaf833a6881d68,true
ap,28,Andhra Pradesh,750,Bapatla,0,0,Local Government Directory (LGD),"Ministry of Panchayati Raj, Government of India",2026-10-07,All_Districtof_India_2026-10-07_17-55-02.xlsx,387ce8805f54b68baaeda1dbc40751927e8eb981f2b48548ffeaf833a6881d68,true
ap,28,Andhra Pradesh,503,Chittoor,23,554,Local Government Directory (LGD),"Ministry of Panchayati Raj, Government of India",2026-10-07,All_Districtof_India_2026-10-07_17-55-02.xlsx,387ce8805f54b68baaeda1dbc40751927e8eb981f2b48548ffeaf833a6881d68,true
ap,28,Andhra Pradesh,747,Dr. B.R. Ambedkar Konaseema,0,0,Local Government Directory (LGD),"Ministry of Panchayati Raj, Government of India",2026-10-07,All_Districtof_India_2026-10-07_17-55-02.xlsx,387ce8805f54b68baaeda1dbc40751927e8eb981f2b48548ffeaf833a6881d68,true
ap,28,Andhra Pradesh,505,East Godavari,14,545,Local Government Directory (LGD),"Ministry of Panchayati Raj, Government of India",2026-10-07,All_Districtof_India_2026-10-07_17-55-02.xlsx,387ce8805f54b68baaeda1dbc40751927e8eb981f2b48548ffeaf833a6881d68,true
ap,28,Andhra Pradesh,748,Eluru,0,0,Local Government Directory (LGD),"Ministry of Panchayati Raj, Government of India",2026-10-07,All_Districtof_India_2026-10-07_17-55-02.xlsx,387ce8805f54b68baaeda1dbc40751927e8eb981f2b48548ffeaf833a6881d68,true
ap,28,Andhra Pradesh,506,Guntur,17,548,Local Government Directory (LGD),"Ministry of Panchayati Raj, Government of India",2026-10-07,All_Districtof_India_2026-10-07_17-55-02.xlsx,387ce8805f54b68baaeda1dbc40751927e8eb981f2b48548ffeaf833a6881d68,true
ap,28,Andhra Pradesh,746,Kakinada,0,0,Local Government Directory (LGD),"Ministry of Panchayati Raj, Government of India",2026-10-07,All_Districtof_India_2026-10-07_17-55-02.xlsx,387ce8805f54b68baaeda1dbc40751927e8eb981f2b48548ffeaf833a6881d68,true
ap,28,Andhra Pradesh,510,Krishna,16,547,Local Government Directory (LGD),"Ministry of Panchayati Raj, Government of India",2026-10-07,All_Districtof_India_2026-10-07_17-55-02.xlsx,387ce8805f54b68baaeda1dbc40751927e8eb981f2b48548ffeaf833a6881d68,true
ap,28,Andhra Pradesh,511,Kurnool,21,552,Local Government Directory (LGD),"Ministry of Panchayati Raj, Government of India",2026-10-07,All_Districtof_India_2026-10-07_17-55-02.xlsx,387ce8805f54b68baaeda1dbc40751927e8eb981f2b48548ffeaf833a6881d68,true
ap,28,Andhra Pradesh,790,Markapuram,0,0,Local Government Directory (LGD),"Ministry of Panchayati Raj, Government of India",2026-10-07,All_Districtof_India_2026-10-07_17-55-02.xlsx,387ce8805f54b68baaeda1dbc40751927e8eb981f2b48548ffeaf833a6881d68,true
ap,28,Andhra Pradesh,755,Nandyal,0,0,Local Government Directory (LGD),"Ministry of Panchayati Raj, Government of India",2026-10-07,All_Districtof_India_2026-10-07_17-55-02.xlsx,387ce8805f54b68baaeda1dbc40751927e8eb981f2b48548ffeaf833a6881d68,true
ap,28,Andhra Pradesh,749,Ntr,0,0,Local Government Directory (LGD),"Ministry of Panchayati Raj, Government of India",2026-10-07,All_Districtof_India_2026-10-07_17-55-02.xlsx,387ce8805f54b68baaeda1dbc40751927e8eb981f2b48548ffeaf833a6881d68,true
ap,28,Andhra Pradesh,751,Palnadu,0,0,Local Government Directory (LGD),"Ministry of Panchayati Raj, Government of India",2026-10-07,All_Districtof_India_2026-10-07_17-55-02.xlsx,387ce8805f54b68baaeda1dbc40751927e8eb981f2b48548ffeaf833a6881d68,true
ap,28,Andhra Pradesh,743,Parvathipuram Manyam,0,0,Local Government Directory (LGD),"Ministry of Panchayati Raj, Government of India",2026-10-07,All_Districtof_India_2026-10-07_17-55-02.xlsx,387ce8805f54b68baaeda1dbc40751927e8eb981f2b48548ffeaf833a6881d68,true
ap,28,Andhra Pradesh,791,Polavaram,0,0,Local Government Directory (LGD),"Ministry of Panchayati Raj, Government of India",2026-10-07,All_Districtof_India_2026-10-07_17-55-02.xlsx,387ce8805f54b68baaeda1dbc40751927e8eb981f2b48548ffeaf833a6881d68,true
ap,28,Andhra Pradesh,517,Prakasam,18,549,Local Government Directory (LGD),"Ministry of Panchayati Raj, Government of India",2026-10-07,All_Districtof_India_2026-10-07_17-55-02.xlsx,387ce8805f54b68baaeda1dbc40751927e8eb981f2b48548ffeaf833a6881d68,true
ap,28,Andhra Pradesh,519,Srikakulam,11,542,Local Government Directory (LGD),"Ministry of Panchayati Raj, Government of India",2026-10-07,All_Districtof_India_2026-10-07_17-55-02.xlsx,387ce8805f54b68baaeda1dbc40751927e8eb981f2b48548ffeaf833a6881d68,true
ap,28,Andhra Pradesh,515,Sri Potti Sriramulu Nellore,19,550,Local Government Directory (LGD),"Ministry of Panchayati Raj, Government of India",2026-10-07,All_Districtof_India_2026-10-07_17-55-02.xlsx,387ce8805f54b68baaeda1dbc40751927e8eb981f2b48548ffeaf833a6881d68,true
ap,28,Andhra Pradesh,754,Sri Sathya Sai,0,0,Local Government Directory (LGD),"Ministry of Panchayati Raj, Government of India",2026-10-07,All_Districtof_India_2026-10-07_17-55-02.xlsx,387ce8805f54b68baaeda1dbc40751927e8eb981f2b48548ffeaf833a6881d68,true
ap,28,Andhra Pradesh,752,Tirupati,0,0,Local Government Directory (LGD),"Ministry of Panchayati Raj, Government of India",2026-10-07,All_Districtof_India_2026-10-07_17-55-02.xlsx,387ce8805f54b68baaeda1dbc40751927e8eb981f2b48548ffeaf833a6881d68,true
ap,28,Andhra Pradesh,520,Visakhapatnam,13,544,Local Government Directory (LGD),"Ministry of Panchayati Raj, Government of India",2026-10-07,All_Districtof_India_2026-10-07_17-55-02.xlsx,387ce8805f54b68baaeda1dbc40751927e8eb981f2b48548ffeaf833a6881d68,true
ap,28,Andhra Pradesh,521,Vizianagaram,12,543,Local Government Directory (LGD),"Ministry of Panchayati Raj, Government of India",2026-10-07,All_Districtof_India_2026-10-07_17-55-02.xlsx,387ce8805f54b68baaeda1dbc40751927e8eb981f2b48548ffeaf833a6881d68,true
ap,28,Andhra Pradesh,523,West Godavari,15,546,Local Government Directory (LGD),"Ministry of Panchayati Raj, Government of India",2026-10-07,All_Districtof_India_2026-10-07_17-55-02.xlsx,387ce8805f54b68baaeda1dbc40751927e8eb981f2b48548ffeaf833a6881d68,true
ap,28,Andhra Pradesh,504,Y.S.R. Kadapa,20,551,Local Government Directory (LGD),"Ministry of Panchayati Raj, Government of India",2026-10-07,All_Districtof_India_2026-10-07_17-55-02.xlsx,387ce8805f54b68baaeda1dbc40751927e8eb981f2b48548ffeaf833a6881d68,true
ar,12,Arunachal Pradesh,628,Anjaw,0,260,Local Government Directory (LGD),"Ministry of Panchayati Raj, Government of India",2026-10-07,All_Districtof_India_2026-10-07_17-55-02.xlsx,387ce8805f54b68baaeda1dbc40751927e8eb981f2b48548ffeaf833a6881d68,true
ar,12,Arunachal Pradesh,787,Bichom,0,0,Local Government Directory (LGD),"Ministry of Panchayati Raj, Government of India",2026-10-07,All_Districtof_India_2026-10-07_17-55-02.xlsx,387ce8805f54b68baaeda1dbc40751927e8eb981f2b48548ffeaf833a6881d68,true
ar,12,Arunachal Pradesh,229,Changlang,12,253,Local Government Directory (LGD),"Ministry of Panchayati Raj, Government of India",2026-10-07,All_Districtof_India_2026-10-07_17-55-02.xlsx,387ce8805f54b68baaeda1dbc40751927e8eb981f2b48548ffeaf833a6881d68,true
ar,12,Arunachal Pradesh,230,Dibang Valley,10,257,Local Government Directory (LGD),"Ministry of Panchayati Raj, Government of India",2026-10-07,All_Districtof_India_2026-10-07_17-55-02.xlsx,387ce8805f54b68baaeda1dbc40751927e8eb981f2b48548ffeaf833a6881d68,true
ar,12,Arunachal Pradesh,231,East Kameng,3,247,Local Government Directory (LGD),"Ministry of Panchayati Raj, Government of India",2026-10-07,All_Districtof_India_2026-10-07_17-55-02.xlsx,387ce8805f54b68baaeda1dbc40751927e8eb981f2b48548ffeaf833a6881d68,true
ar,12,Arunachal Pradesh,232,East Siang,8,251,Local Government Directory (LGD),"Ministry of Panchayati Raj, Government of India",2026-10-07,All_Districtof_India_2026-10-07_17-55-02.xlsx,387ce8805f54b68baaeda1dbc40751927e8eb981f2b48548ffeaf833a6881d68,true
ar,12,Arunachal Pradesh,718,Kamle,0,0,Local Government Directory (LGD),"Ministry of Panchayati Raj, Government of India",2026-10-07,All_Districtof_India_2026-10-07_17-55-02.xlsx,387ce8805f54b68baaeda1dbc40751927e8eb981f2b48548ffeaf833a6881d68,true
ar,12,Arunachal Pradesh,786,Keyi Panyor,0,0,Local Government Directory (LGD),"Ministry of Panchayati Raj, Government of India",2026-10-07,All_Districtof_India_2026-10-07_17-55-02.xlsx,387ce8805f54b68baaeda1dbc40751927e8eb981f2b48548ffeaf833a6881d68,true
ar,12,Arunachal Pradesh,677,Kra Daadi,0,0,Local Government Directory (LGD),"Ministry of Panchayati Raj, Government of India",2026-10-07,All_Districtof_India_2026-10-07_17-55-02.xlsx,387ce8805f54b68baaeda1dbc40751927e8eb981f2b48548ffeaf833a6881d68,true
ar,12,Arunachal Pradesh,233,Kurung Kumey,14,256,Local Government Directory (LGD),"Ministry of Panchayati Raj, Government of India",2026-10-07,All_Districtof_India_2026-10-07_17-55-02.xlsx,387ce8805f54b68baaeda1dbc40751927e8eb981f2b48548ffeaf833a6881d68,true
ar,12,Arunachal Pradesh,724,Leparada,0,0,Local Government Directory (LGD),"Ministry of Panchayati Raj, Government of India",2026-10-07,All_Districtof_India_2026-10-07_17-55-02.xlsx,387ce8805f54b68baaeda1dbc40751927e8eb981f2b48548ffeaf833a6881d68,true
ar,12,Arunachal Pradesh,234,Lohit,11,259,Local Government Directory (LGD),"Ministry of Panchayati Raj, Government of India",2026-10-07,All_Districtof_India_2026-10-07_17-55-02.xlsx,387ce8805f54b68baaeda1dbc40751927e8eb981f2b48548ffeaf833a6881d68,true
ar,12,Arunachal Pradesh,666,Longding,0,0,Local Government Directory (LGD),"Ministry of Panchayati Raj, Government of India",2026-10-07,All_Districtof_India_2026-10-07_17-55-02.xlsx,387ce8805f54b68baaeda1dbc40751927e8eb981f2b48548ffeaf833a6881d68,true
ar,12,Arunachal Pradesh,235,Lower Dibang Valley,15,258,Local Government Directory (LGD),"Ministry of Panchayati Raj, Government of India",2026-10-07,All_Districtof_India_2026-10-07_17-55-02.xlsx,387ce8805f54b68baaeda1dbc40751927e8eb981f2b48548ffeaf833a6881d68,true
ar,12,Arunachal Pradesh,719,Lower Siang,0,0,Local Government Directory (LGD),"Ministry of Panchayati Raj, Government of India",2026-10-07,All_Districtof_India_2026-10-07_17-55-02.xlsx,387ce8805f54b68baaeda1dbc40751927e8eb981f2b48548ffeaf833a6881d68,true
ar,12,Arunachal Pradesh,236,Lower Subansiri,5,255,Local Government Directory (LGD),"Ministry of Panchayati Raj, Government of India",2026-10-07,All_Districtof_India_2026-10-07_17-55-02.xlsx,387ce8805f54b68baaeda1dbc40751927e8eb981f2b48548ffeaf833a6881d68,true
ar,12,Arunachal Pradesh,678,Namsai,0,0,Local Government Directory (LGD),"Ministry of Panchayati Raj, Government of India",2026-10-07,All_Districtof_India_2026-10-07_17-55-02.xlsx,387ce8805f54b68baaeda1dbc40751927e8eb981f2b48548ffeaf833a6881d68,true
ar,12,Arunachal Pradesh,723,Pakke Kessang,0,0,Local Government Directory (LGD),"Ministry of Panchayati Raj, Government of India",2026-10-07,All_Districtof_India_2026-10-07_17-55-02.xlsx,387ce8805f54b68baaeda1dbc40751927e8eb981f2b48548ffeaf833a6881d68,true
ar,12,Arunachal Pradesh,237,Papum Pare,4,248,Local Government Directory (LGD),"Ministry of Panchayati Raj, Government of India",2026-10-07,All_Districtof_India_2026-10-07_17-55-02.xlsx,387ce8805f54b68baaeda1dbc40751927e8eb981f2b48548ffeaf833a6881d68,true
ar,12,Arunachal Pradesh,725,Shi Yomi,0,0,Local Government Directory (LGD),"Ministry of Panchayati Raj, Government of India",2026-10-07,All_Districtof_India_2026-10-07_17-55-02.xlsx,387ce8805f54b68baaeda1dbc40751927e8eb981f2b48548ffeaf833a6881d68,true
ar,12,Arunachal Pradesh,679,Siang,0,0,Local Government Directory (LGD),"Ministry of Panchayati Raj, Government of India",2026-10-07,All_Districtof_India_2026-10-07_17-55-02.xlsx,387ce8805f54b68baaeda1dbc40751927e8eb981f2b48548ffeaf833a6881d68,true
ar,12,Arunachal Pradesh,238,Tawang,1,245,Local Government Directory (LGD),"Ministry of Panchayati Raj, Government of India",2026-10-07,All_Districtof_India_2026-10-07_17-55-02.xlsx,387ce8805f54b68baaeda1dbc40751927e8eb981f2b48548ffeaf833a6881d68,true
ar,12,Arunachal Pradesh,239,Tirap,13,254,Local Government Directory (LGD),"Ministry of Panchayati Raj, Government of India",2026-10-07,All_Districtof_India_2026-10-07_17-55-02.xlsx,387ce8805f54b68baaeda1dbc40751927e8eb981f2b48548ffeaf833a6881d68,true
ar,12,Arunachal Pradesh,240,Upper Siang,9,252,Local Government Directory (LGD),"Ministry of Panchayati Raj, Government of India",2026-10-07,All_Districtof_India_2026-10-07_17-55-02.xlsx,387ce8805f54b68baaeda1dbc40751927e8eb981f2b48548ffeaf833a6881d68,true
ar,12,Arunachal Pradesh,241,Upper Subansiri,6,249,Local Government Directory (LGD),"Ministry of Panchayati Raj, Government of India",2026-10-07,All_Districtof_India_2026-10-07_17-55-02.xlsx,387ce8805f54b68baaeda1dbc40751927e8eb981f2b48548ffeaf833a6881d68,true
ar,12,Arunachal Pradesh,242,West Kameng,2,246,Local Government Directory (LGD),"Ministry of Panchayati Raj, Government of India",2026-10-07,All_Districtof_India_2026-10-07_17-55-02.xlsx,387ce8805f54b68baaeda1dbc40751927e8eb981f2b48548ffeaf833a6881d68,true
ar,12,Arunachal Pradesh,243,West Siang,7,250,Local Government Directory (LGD),"Ministry of Panchayati Raj, Government of India",2026-10-07,All_Districtof_India_2026-10-07_17-55-02.xlsx,387ce8805f54b68baaeda1dbc40751927e8eb981f2b48548ffeaf833a6881d68,true
as,18,Assam,739,Bajali,0,0,Local Government Directory (LGD),"Ministry of Panchayati Raj, Government of India",2026-10-07,All_Districtof_India_2026-10-07_17-55-02.xlsx,387ce8805f54b68baaeda1dbc40751927e8eb981f2b48548ffeaf833a6881d68,true
as,18,Assam,616,Baksa,0,324,Local Government Directory (LGD),"Ministry of Panchayati Raj, Government of India",2026-10-07,All_Districtof_India_2026-10-07_17-55-02.xlsx,387ce8805f54b68baaeda1dbc40751927e8eb981f2b48548ffeaf833a6881d68,true
as,18,Assam,280,Barpeta,5,303,Local Government Directory (LGD),"Ministry of Panchayati Raj, Government of India",2026-10-07,All_Districtof_India_2026-10-07_17-55-02.xlsx,387ce8805f54b68baaeda1dbc40751927e8eb981f2b48548ffeaf833a6881d68,true
as,18,Assam,705,Biswanath,0,0,Local Government Directory (LGD),"Ministry of Panchayati Raj, Government of India",2026-10-07,All_Districtof_India_2026-10-07_17-55-02.xlsx,387ce8805f54b68baaeda1dbc40751927e8eb981f2b48548ffeaf833a6881d68,true
as,18,Assam,281,Bongaigaon,4,319,Local Government Directory (LGD),"Ministry of Panchayati Raj, Government of India",2026-10-07,All_Districtof_India_2026-10-07_17-55-02.xlsx,387ce8805f54b68baaeda1dbc40751927e8eb981f2b48548ffeaf833a6881d68,true
as,18,Assam,282,Cachar,21,316,Local Government Directory (LGD),"Ministry of Panchayati Raj, Government of India",2026-10-07,All_Districtof_India_2026-10-07_17-55-02.xlsx,387ce8805f54b68baaeda1dbc40751927e8eb981f2b48548ffeaf833a6881d68,true
as,18,Assam,708,Charaideo,0,0,Local Government Directory (LGD),"Ministry of Panchayati Raj, Government of India",2026-10-07,All_Districtof_India_2026-10-07_17-55-02.xlsx,387ce8805f54b68baaeda1dbc40751927e8eb981f2b48548ffeaf833a6881d68,true
as,18,Assam,612,Chirang,0,320,Local Government Directory (LGD),"Ministry of Panchayati Raj, Government of India",2026-10-07,All_Districtof_India_2026-10-07_17-55-02.xlsx,387ce8805f54b68baaeda1dbc40751927e8eb981f2b48548ffeaf833a6881d68,true
as,18,Assam,283,Darrang,8,325,Local Government Directory (LGD),"Ministry of Panchayati Raj, Government of India",2026-10-07,All_Districtof_India_2026-10-07_17-55-02.xlsx,387ce8805f54b68baaeda1dbc40751927e8eb981f2b48548ffeaf833a6881d68,true
as,18,Assam,284,Dhemaji,13,308,Local Government Directory (LGD),"Ministry of Panchayati Raj, Government of India",2026-10-07,All_Districtof_India_2026-10-07_17-55-02.xlsx,387ce8805f54b68baaeda1dbc40751927e8eb981f2b48548ffeaf833a6881d68,true
as,18,Assam,285,Dhubri,2,301,Local Government Directory (LGD),"Ministry of Panchayati Raj, Government of India",2026-10-07,All_Districtof_India_2026-10-07_17-55-02.xlsx,387ce8805f54b68baaeda1dbc40751927e8eb981f2b48548ffeaf833a6881d68,true
as,18,Assam,286,Dibrugarh,15,310,Local Government Directory (LGD),"Ministry of Panchayati Raj, Government of India",2026-10-07,All_Districtof_India_2026-10-07_17-55-02.xlsx,387ce8805f54b68baaeda1dbc40751927e8eb981f2b48548ffeaf833a6881d68,true
as,18,Assam,299,Dima Hasao,20,315,Local Government Directory (LGD),"Ministry of Panchayati Raj, Government of India",2026-10-07,All_Districtof_India_2026-10-07_17-55-02.xlsx,387ce8805f54b68baaeda1dbc40751927e8eb981f2b48548ffeaf833a6881d68,true
as,18,Assam,287,Goalpara,3,302,Local Government Directory (LGD),"Ministry of Panchayati Raj, Government of India",2026-10-07,All_Districtof_India_2026-10-07_17-55-02.xlsx,387ce8805f54b68baaeda1dbc40751927e8eb981f2b48548ffeaf833a6881d68,true
as,18,Assam,288,Golaghat,18,313,Local Government Directory (LGD),"Ministry of Panchayati Raj, Government of India",2026-10-07,All_Districtof_India_2026-10-07_17-55-02.xlsx,387ce8805f54b68baaeda1dbc40751927e8eb981f2b48548ffeaf833a6881d68,true
as,18,Assam,289,Hailakandi,23,318,Local Government Directory (LGD),"Ministry of Panchayati Raj, Government of India",2026-10-07,All_Districtof_India_2026-10-07_17-55-02.xlsx,387ce8805f54b68baaeda1dbc40751927e8eb981f2b48548ffeaf833a6881d68,true
as,18,Assam,709,Hojai,0,0,Local Government Directory (LGD),"Ministry of Panchayati Raj, Government of India",2026-10-07,All_Districtof_India_2026-10-07_17-55-02.xlsx,387ce8805f54b68baaeda1dbc40751927e8eb981f2b48548ffeaf833a6881d68,true
as,18,Assam,290,Jorhat,17,312,Local Government Directory (LGD),"Ministry of Panchayati Raj, Government of India",2026-10-07,All_Districtof_India_2026-10-07_17-55-02.xlsx,387ce8805f54b68baaeda1dbc40751927e8eb981f2b48548ffeaf833a6881d68,true
as,18,Assam,291,Kamrup,6,321,Local Government Directory (LGD),"Ministry of Panchayati Raj, Government of India",2026-10-07,All_Districtof_India_2026-10-07_17-55-02.xlsx,387ce8805f54b68baaeda1dbc40751927e8eb981f2b48548ffeaf833a6881d68,true
as,18,Assam,618,Kamrup Metro,0,322,Local Government Directory (LGD),"Ministry of Panchayati Raj, Government of India",2026-10-07,All_Districtof_India_2026-10-07_17-55-02.xlsx,387ce8805f54b68baaeda1dbc40751927e8eb981f2b48548ffeaf833a6881d68,true
as,18,Assam,292,Karbi Anglong,19,314,Local Government Directory (LGD),"Ministry of Panchayati Raj, Government of India",2026-10-07,All_Districtof_India_2026-10-07_17-55-02.xlsx,387ce8805f54b68baaeda1dbc40751927e8eb981f2b48548ffeaf833a6881d68,true
as,18,Assam,294,Kokrajhar,1,300,Local Government Directory (LGD),"Ministry of Panchayati Raj, Government of India",2026-10-07,All_Districtof_India_2026-10-07_17-55-02.xlsx,387ce8805f54b68baaeda1dbc40751927e8eb981f2b48548ffeaf833a6881d68,true
as,18,Assam,295,Lakhimpur,12,307,Local Government Directory (LGD),"Ministry of Panchayati Raj, Government of India",2026-10-07,All_Districtof_India_2026-10-07_17-55-02.xlsx,387ce8805f54b68baaeda1dbc40751927e8eb981f2b48548ffeaf833a6881d68,true
as,18,Assam,706,Majuli,0,0,Local Government Directory (LGD),"Ministry of Panchayati Raj, Government of India",2026-10-07,All_Districtof_India_2026-10-07_17-55-02.xlsx,387ce8805f54b68baaeda1dbc40751927e8eb981f2b48548ffeaf833a6881d68,true
as,18,Assam,296,Marigaon,9,304,Local Government Directory (LGD),"Ministry of Panchayati Raj, Government of India",2026-10-07,All_Districtof_India_2026-10-07_17-55-02.xlsx,387ce8805f54b68baaeda1dbc40751927e8eb981f2b48548ffeaf833a6881d68,true
as,18,Assam,297,Nagaon,10,305,Local Government Directory (LGD),"Ministry of Panchayati Raj, Government of India",2026-10-07,All_Districtof_India_2026-10-07_17-55-02.xlsx,387ce8805f54b68baaeda1dbc40751927e8eb981f2b48548ffeaf833a6881d68,true
as,18,Assam,298,Nalbari,7,323,Local Government Directory (LGD),"Ministry of Panchayati Raj, Government of India",2026-10-07,All_Districtof_India_2026-10-07_17-55-02.xlsx,387ce8805f54b68baaeda1dbc40751927e8eb981f2b48548ffeaf833a6881d68,true
as,18,Assam,300,Sivasagar,16,311,Local Government Directory (LGD),"Ministry of Panchayati Raj, Government of India",2026-10-07,All_Districtof_India_2026-10-07_17-55-02.xlsx,387ce8805f54b68baaeda1dbc40751927e8eb981f2b48548ffeaf833a6881d68,true
as,18,Assam,301,Sonitpur,11,306,Local Government Directory (LGD),"Ministry of Panchayati Raj, Government of India",2026-10-07,All_Districtof_India_2026-10-07_17-55-02.xlsx,387ce8805f54b68baaeda1dbc40751927e8eb981f2b48548ffeaf833a6881d68,true
as,18,Assam,707,South Salmara Mancachar,0,0,Local Government Directory (LGD),"Ministry of Panchayati Raj, Government of India",2026-10-07,All_Districtof_India_2026-10-07_17-55-02.xlsx,387ce8805f54b68baaeda1dbc40751927e8eb981f2b48548ffeaf833a6881d68,true
as,18,Assam,293,Sribhumi,22,317,Local Government Directory (LGD),"Ministry of Panchayati Raj, Government of India",2026-10-07,All_Districtof_India_2026-10-07_17-55-02.xlsx,387ce8805f54b68baaeda1dbc40751927e8eb981f2b48548ffeaf833a6881d68,true
as,18,Assam,756,Tamulpur,0,0,Local Government Directory (LGD),"Ministry of Panchayati Raj, Government of India",2026-10-07,All_Districtof_India_2026-10-07_17-55-02.xlsx,387ce8805f54b68baaeda1dbc40751927e8eb981f2b48548ffeaf833a6881d68,true
as,18,Assam,302,Tinsukia,14,309,Local Government Directory (LGD),"Ministry of Panchayati Raj, Government of India",2026-10-07,All_Districtof_India_2026-10-07_17-55-02.xlsx,387ce8805f54b68baaeda1dbc40751927e8eb981f2b48548ffeaf833a6881d68,true
as,18,Assam,617,Udalguri,0,326,Local Government Directory (LGD),"Ministry of Panchayati Raj, Government of India",2026-10-07,All_Districtof_India_2026-10-07_17-55-02.xlsx,387ce8805f54b68baaeda1dbc40751927e8eb981f2b48548ffeaf833a6881d68,true
as,18,Assam,710,West Karbi Anglong,0,0,Local Government Directory (LGD),"Ministry of Panchayati Raj, Government of India",2026-10-07,All_Districtof_India_2026-10-07_17-55-02.xlsx,387ce8805f54b68baaeda1dbc40751927e8eb981f2b48548ffeaf833a6881d68,true
br,10,Bihar,188,Araria,7,209,Local Government Directory (LGD),"Ministry of Panchayati Raj, Government of India",2026-10-07,All_Districtof_India_2026-10-07_17-55-02.xlsx,387ce8805f54b68baaeda1dbc40751927e8eb981f2b48548ffeaf833a6881d68,true
br,10,Bihar,611,Arwal,33,240,Local Government Directory (LGD),"Ministry of Panchayati Raj, Government of India",2026-10-07,All_Districtof_India_2026-10-07_17-55-02.xlsx,387ce8805f54b68baaeda1dbc40751927e8eb981f2b48548ffeaf833a6881d68,true
br,10,Bihar,189,Aurangabad,34,235,Local Government Directory (LGD),"Ministry of Panchayati Raj, Government of India",2026-10-07,All_Districtof_India_2026-10-07_17-55-02.xlsx,387ce8805f54b68baaeda1dbc40751927e8eb981f2b48548ffeaf833a6881d68,true
br,10,Bihar,190,Banka,23,225,Local Government Directory (LGD),"Ministry of Panchayati Raj, Government of India",2026-10-07,All_Districtof_India_2026-10-07_17-55-02.xlsx,387ce8805f54b68baaeda1dbc40751927e8eb981f2b48548ffeaf833a6881d68,true
br,10,Bihar,191,Begusarai,20,222,Local Government Directory (LGD),"Ministry of Panchayati Raj, Government of India",2026-10-07,All_Districtof_India_2026-10-07_17-55-02.xlsx,387ce8805f54b68baaeda1dbc40751927e8eb981f2b48548ffeaf833a6881d68,true
br,10,Bihar,192,Bhagalpur,22,224,Local Government Directory (LGD),"Ministry of Panchayati Raj, Government of India",2026-10-07,All_Districtof_India_2026-10-07_17-55-02.xlsx,387ce8805f54b68baaeda1dbc40751927e8eb981f2b48548ffeaf833a6881d68,true
br,10,Bihar,193,Bhojpur,29,231,Local Government Directory (LGD),"Ministry of Panchayati Raj, Government of India",2026-10-07,All_Districtof_India_2026-10-07_17-55-02.xlsx,387ce8805f54b68baaeda1dbc40751927e8eb981f2b48548ffeaf833a6881d68,true
br,10,Bihar,194,Buxar,30,232,Local Government Directory (LGD),"Ministry of Panchayati Raj, Government of India",2026-10-07,All_Districtof_India_2026-10-07_17-55-02.xlsx,387ce8805f54b68baaeda1dbc40751927e8eb981f2b48548ffeaf833a6881d68,true
br,10,Bihar,195,Darbhanga,13,215,Local Government Directory (LGD),"Ministry of Panchayati Raj, Government of India",2026-10-07,All_Districtof_India_2026-10-07_17-55-02.xlsx,387ce8805f54b68baaeda1dbc40751927e8eb981f2b48548ffeaf833a6881d68,true
br,10,Bihar,196,Gaya,35,236,Local Government Directory (LGD),"Ministry of Panchayati Raj, Government of India",2026-10-07,All_Districtof_India_2026-10-07_17-55-02.xlsx,387ce8805f54b68baaeda1dbc40751927e8eb981f2b48548ffeaf833a6881d68,true
br,10,Bihar,197,Gopalganj,15,217,Local Government Directory (LGD),"Ministry of Panchayati Raj, Government of India",2026-10-07,All_Districtof_India_2026-10-07_17-55-02.xlsx,387ce8805f54b68baaeda1dbc40751927e8eb981f2b48548ffeaf833a6881d68,true
br,10,Bihar,198,Jamui,37,238,Local Government Directory (LGD),"Ministry of Panchayati Raj, Government of India",2026-10-07,All_Districtof_India_2026-10-07_17-55-02.xlsx,387ce8805f54b68baaeda1dbc40751927e8eb981f2b48548ffeaf833a6881d68,true
br,10,Bihar,199,Jehanabad,33,239,Local Government Directory (LGD),"Ministry of Panchayati Raj, Government of India",2026-10-07,All_Districtof_India_2026-10-07_17-55-02.xlsx,387ce8805f54b68baaeda1dbc40751927e8eb981f2b48548ffeaf833a6881d68,true
br,10,Bihar,200,Kaimur (Bhabua),31,233,Local Government Directory (LGD),"Ministry of Panchayati Raj, Government of India",2026-10-07,All_Districtof_India_2026-10-07_17-55-02.xlsx,387ce8805f54b68baaeda1dbc40751927e8eb981f2b48548ffeaf833a6881d68,true
br,10,Bihar,201,Katihar,10,212,Local Government Directory (LGD),"Ministry of Panchayati Raj, Government of India",2026-10-07,All_Districtof_India_2026-10-07_17-55-02.xlsx,387ce8805f54b68baaeda1dbc40751927e8eb981f2b48548ffeaf833a6881d68,true
br,10,Bihar,202,Khagaria,21,223,Local Government Directory (LGD),"Ministry of Panchayati Raj, Government of India",2026-10-07,All_Districtof_India_2026-10-07_17-55-02.xlsx,387ce8805f54b68baaeda1dbc40751927e8eb981f2b48548ffeaf833a6881d68,true
br,10,Bihar,203,Kishanganj,8,210,Local Government Directory (LGD),"Ministry of Panchayati Raj, Government of India",2026-10-07,All_Districtof_India_2026-10-07_17-55-02.xlsx,387ce8805f54b68baaeda1dbc40751927e8eb981f2b48548ffeaf833a6881d68,true
br,10,Bihar,204,Lakhisarai,25,227,Local Government Directory (LGD),"Ministry of Panchayati Raj, Government of India",2026-10-07,All_Districtof_India_2026-10-07_17-55-02.xlsx,387ce8805f54b68baaeda1dbc40751927e8eb981f2b48548ffeaf833a6881d68,true
br,10,Bihar,205,Madhepura,11,213,Local Government Directory (LGD),"Ministry of Panchayati Raj, Government of India",2026-10-07,All_Districtof_India_2026-10-07_17-55-02.xlsx,387ce8805f54b68baaeda1dbc40751927e8eb981f2b48548ffeaf833a6881d68,true
br,10,Bihar,206,Madhubani,5,207,Local Government Directory (LGD),"Ministry of Panchayati Raj, Government of India",2026-10-07,All_Districtof_India_2026-10-07_17-55-02.xlsx,387ce8805f54b68baaeda1dbc40751927e8eb981f2b48548ffeaf833a6881d68,true
br,10,Bihar,207,Munger,24,226,Local Government Directory (LGD),"Ministry of Panchayati Raj, Government of India",2026-10-07,All_Districtof_India_2026-10-07_17-55-02.xlsx,387ce8805f54b68baaeda1dbc40751927e8eb981f2b48548ffeaf833a6881d68,true
br,10,Bihar,208,Muzaffarpur,14,216,Local Government Directory (LGD),"Ministry of Panchayati Raj, Government of India",2026-10-07,All_Districtof_India_2026-10-07_17-55-02.xlsx,387ce8805f54b68baaeda1dbc40751927e8eb981f2b48548ffeaf833a6881d68,true
br,10,Bihar,209,Nalanda,27,229,Local Government Directory (LGD),"Ministry of Panchayati Raj, Government of India",2026-10-07,All_Districtof_India_2026-10-07_17-55-02.xlsx,387ce8805f54b68baaeda1dbc40751927e8eb981f2b48548ffeaf833a6881d68,true
br,10,Bihar,210,Nawada,36,237,Local Government Directory (LGD),"Ministry of Panchayati Raj, Government of India",2026-10-07,All_Districtof_India_2026-10-07_17-55-02.xlsx,387ce8805f54b68baaeda1dbc40751927e8eb981f2b48548ffeaf833a6881d68,true
br,10,Bihar,211,Pashchim Champaran,1,203,Local Government Directory (LGD),"Ministry of Panchayati Raj, Government of India",2026-10-07,All_Districtof_India_2026-10-07_17-55-02.xlsx,387ce8805f54b68baaeda1dbc40751927e8eb981f2b48548ffeaf833a6881d68,true
br,10,Bihar,212,Patna,28,230,Local Government Directory (LGD),"Ministry of Panchayati Raj, Government of India",2026-10-07,All_Districtof_India_2026-10-07_17-55-02.xlsx,387ce8805f54b68baaeda1dbc40751927e8eb981f2b48548ffeaf833a6881d68,true
br,10,Bihar,213,Purbi Champaran,2,204,Local Government Directory (LGD),"Ministry of Panchayati Raj, Government of India",2026-10-07,All_Districtof_India_2026-10-07_17-55-02.xlsx,387ce8805f54b68baaeda1dbc40751927e8eb981f2b48548ffeaf833a6881d68,true
br,10,Bihar,214,Purnia,9,211,Local Government Directory (LGD),"Ministry of Panchayati Raj, Government of India",2026-10-07,All_Districtof_India_2026-10-07_17-55-02.xlsx,387ce8805f54b68baaeda1dbc40751927e8eb981f2b48548ffeaf833a6881d68,true
br,10,Bihar,215,Rohtas,32,234,Local Government Directory (LGD),"Ministry of Panchayati Raj, Government of India",2026-10-07,All_Districtof_India_2026-10-07_17-55-02.xlsx,387ce8805f54b68baaeda1dbc40751927e8eb981f2b48548ffeaf833a6881d68,true
br,10,Bihar,216,Saharsa,12,214,Local Government Directory (LGD),"Ministry of Panchayati Raj, Government of India",2026-10-07,All_Districtof_India_2026-10-07_17-55-02.xlsx,387ce8805f54b68baaeda1dbc40751927e8eb981f2b48548ffeaf833a6881d68,true
br,10,Bihar,217,Samastipur,19,221,Local Government Directory (LGD),"Ministry of Panchayati Raj, Government of India",2026-10-07,All_Districtof_India_2026-10-07_17-55-02.xlsx,387ce8805f54b68baaeda1dbc40751927e8eb981f2b48548ffeaf833a6881d68,true
br,10,Bihar,218,Saran,17,219,Local Government Directory (LGD),"Ministry of Panchayati Raj, Government of India",2026-10-07,All_Districtof_India_2026-10-07_17-55-02.xlsx,387ce8805f54b68baaeda1dbc40751927e8eb981f2b48548ffeaf833a6881d68,true
br,10,Bihar,219,Sheikhpura,26,228,Local Government Directory (LGD),"Ministry of Panchayati Raj, Government of India",2026-10-07,All_Districtof_India_2026-10-07_17-55-02.xlsx,387ce8805f54b68baaeda1dbc40751927e8eb981f2b48548ffeaf833a6881d68,true
br,10,Bihar,220,Sheohar,3,205,Local Government Directory (LGD),"Ministry of Panchayati Raj, Government of India",2026-10-07,All_Districtof_India_2026-10-07_17-55-02.xlsx,387ce8805f54b68baaeda1dbc40751927e8eb981f2b48548ffeaf833a6881d68,true
br,10,Bihar,221,Sitamarhi,4,206,Local Government Directory (LGD),"Ministry of Panchayati Raj, Government of India",2026-10-07,All_Districtof_India_2026-10-07_17-55-02.xlsx,387ce8805f54b68baaeda1dbc40751927e8eb981f2b48548ffeaf833a6881d68,true
br,10,Bihar,222,Siwan,16,218,Local Government Directory (LGD),"Ministry of Panchayati Raj, Government of India",2026-10-07,All_Districtof_India_2026-10-07_17-55-02.xlsx,387ce8805f54b68baaeda1dbc40751927e8eb981f2b48548ffeaf833a6881d68,true
br,10,Bihar,223,Supaul,6,208,Local Government Directory (LGD),"Ministry of Panchayati Raj, Government of India",2026-10-07,All_Districtof_India_2026-10-07_17-55-02.xlsx,387ce8805f54b68baaeda1dbc40751927e8eb981f2b48548ffeaf833a6881d68,true
br,10,Bihar,224,Vaishali,18,220,Local Government Directory (LGD),"Ministry of Panchayati Raj, Government of India",2026-10-07,All_Districtof_India_2026-10-07_17-55-02.xlsx,387ce8805f54b68baaeda1dbc40751927e8eb981f2b48548ffeaf833a6881d68,true
ch,4,Chandigarh,44,Chandigarh,1,55,Local Government Directory (LGD),"Ministry of Panchayati Raj, Government of India",2026-10-07,All_Districtof_India_2026-10-07_17-55-02.xlsx,387ce8805f54b68baaeda1dbc40751927e8eb981f2b48548ffeaf833a6881d68,true
cg,22,Chhattisgarh,646,Balod,0,0,Local Government Directory (LGD),"Ministry of Panchayati Raj, Government of India",2026-10-07,All_Districtof_India_2026-10-07_17-55-02.xlsx,387ce8805f54b68baaeda1dbc40751927e8eb981f2b48548ffeaf833a6881d68,true
cg,22,Chhattisgarh,644,Balodabazar-Bhatapara,0,0,Local Government Directory (LGD),"Ministry of Panchayati Raj, Government of India",2026-10-07,All_Districtof_India_2026-10-07_17-55-02.xlsx,387ce8805f54b68baaeda1dbc40751927e8eb981f2b48548ffeaf833a6881d68,true
cg,22,Chhattisgarh,649,Balrampur-Ramanujganj,0,0,Local Government Directory (LGD),"Ministry of Panchayati Raj, Government of India",2026-10-07,All_Districtof_India_2026-10-07_17-55-02.xlsx,387ce8805f54b68baaeda1dbc40751927e8eb981f2b48548ffeaf833a6881d68,true
cg,22,Chhattisgarh,374,Bastar,15,414,Local Government Directory (LGD),"Ministry of Panchayati Raj, Government of India",2026-10-07,All_Districtof_India_2026-10-07_17-55-02.xlsx,387ce8805f54b68baaeda1dbc40751927e8eb981f2b48548ffeaf833a6881d68,true
cg,22,Chhattisgarh,650,Bemetara,0,0,Local Government Directory (LGD),"Ministry of Panchayati Raj, Government of India",2026-10-07,All_Districtof_India_2026-10-07_17-55-02.xlsx,387ce8805f54b68baaeda1dbc40751927e8eb981f2b48548ffeaf833a6881d68,true
cg,22,Chhattisgarh,636,Bijapur,16,417,Local Government Directory (LGD),"Ministry of Panchayati Raj, Government of India",2026-10-07,All_Districtof_India_2026-10-07_17-55-02.xlsx,387ce8805f54b68baaeda1dbc40751927e8eb981f2b48548ffeaf833a6881d68,true
cg,22,Chhattisgarh,375,Bilaspur,7,406,Local Government Directory (LGD),"Ministry of Panchayati Raj, Government of India",2026-10-07,All_Districtof_India_2026-10-07_17-55-02.xlsx,387ce8805f54b68baaeda1dbc40751927e8eb981f2b48548ffeaf833a6881d68,true
cg,22,Chhattisgarh,376,Dakshin Bastar Dantewada,16,416,Local Government Directory (LGD),"Ministry of Panchayati Raj, Government of India",2026-10-07,All_Districtof_India_2026-10-07_17-55-02.xlsx,387ce8805f54b68baaeda1dbc40751927e8eb981f2b48548ffeaf833a6881d68,true
cg,22,Chhattisgarh,377,Dhamtari,13,412,Local Government Directory (LGD),"Ministry of Panchayati Raj, Government of India",2026-10-07,All_Districtof_India_2026-10-07_17-55-02.xlsx,387ce8805f54b68baaeda1dbc40751927e8eb981f2b48548ffeaf833a6881d68,true
cg,22,Chhattisgarh,378,Durg,10,409,Local Government Directory (LGD),"Ministry of Panchayati Raj, Government of India",2026-10-07,All_Districtof_India_2026-10-07_17-55-02.xlsx,387ce8805f54b68baaeda1dbc40751927e8eb981f2b48548ffeaf833a6881d68,true
cg,22,Chhattisgarh,645,Gariyaband,0,0,Local Government Directory (LGD),"Ministry of Panchayati Raj, Government of India",2026-10-07,All_Districtof_India_2026-10-07_17-55-02.xlsx,387ce8805f54b68baaeda1dbc40751927e8eb981f2b48548ffeaf833a6881d68,true
cg,22,Chhattisgarh,734,Gaurela-Pendra-Marwahi,0,0,Local Government Directory (LGD),"Ministry of Panchayati Raj, Government of India",2026-10-07,All_Districtof_India_2026-10-07_17-55-02.xlsx,387ce8805f54b68baaeda1dbc40751927e8eb981f2b48548ffeaf833a6881d68,true
cg,22,Chhattisgarh,379,Janjgir-Champa,6,405,Local Government Directory (LGD),"Ministry of Panchayati Raj, Government of India",2026-10-07,All_Districtof_India_2026-10-07_17-55-02.xlsx,387ce8805f54b68baaeda1dbc40751927e8eb981f2b48548ffeaf833a6881d68,true
cg,22,Chhattisgarh,380,Jashpur,3,402,Local Government Directory (LGD),"Ministry of Panchayati Raj, Government of India",2026-10-07,All_Districtof_India_2026-10-07_17-55-02.xlsx,387ce8805f54b68baaeda1dbc40751927e8eb981f2b48548ffeaf833a6881d68,true
cg,22,Chhattisgarh,382,Kabeerdham,8,407,Local Government Directory (LGD),"Ministry of Panchayati Raj, Government of India",2026-10-07,All_Districtof_India_2026-10-07_17-55-02.xlsx,387ce8805f54b68baaeda1dbc40751927e8eb981f2b48548ffeaf833a6881d68,true
cg,22,Chhattisgarh,759,Khairagarh-Chhuikhadan-Gandai,0,0,Local Government Directory (LGD),"Ministry of Panchayati Raj, Government of India",2026-10-07,All_Districtof_India_2026-10-07_17-55-02.xlsx,387ce8805f54b68baaeda1dbc40751927e8eb981f2b48548ffeaf833a6881d68,true
cg,22,Chhattisgarh,643,Kondagaon,0,0,Local Government Directory (LGD),"Ministry of Panchayati Raj, Government of India",2026-10-07,All_Districtof_India_2026-10-07_17-55-02.xlsx,387ce8805f54b68baaeda1dbc40751927e8eb981f2b48548ffeaf833a6881d68,true
cg,22,Chhattisgarh,383,Korba,5,404,Local Government Directory (LGD),"Ministry of Panchayati Raj, Government of India",2026-10-07,All_Districtof_India_2026-10-07_17-55-02.xlsx,387ce8805f54b68baaeda1dbc40751927e8eb981f2b48548ffeaf833a6881d68,true
cg,22,Chhattisgarh,384,Korea,1,400,Local Government Directory (LGD),"Ministry of Panchayati Raj, Government of India",2026-10-07,All_Districtof_India_2026-10-07_17-55-02.xlsx,387ce8805f54b68baaeda1dbc40751927e8eb981f2b48548ffeaf833a6881d68,true
cg,22,Chhattisgarh,385,Mahasamund,12,411,Local Government Directory (LGD),"Ministry of Panchayati Raj, Government of India",2026-10-07,All_Districtof_India_2026-10-07_17-55-02.xlsx,387ce8805f54b68baaeda1dbc40751927e8eb981f2b48548ffeaf833a6881d68,true
cg,22,Chhattisgarh,760,Manendragarh-Chirmiri-Bharatpur(M C B),0,0,Local Government Directory (LGD),"Ministry of Panchayati Raj, Government of India",2026-10-07,All_Districtof_India_2026-10-07_17-55-02.xlsx,387ce8805f54b68baaeda1dbc40751927e8eb981f2b48548ffeaf833a6881d68,true
cg,22,Chhattisgarh,761,Mohla-Manpur-Ambagarh Chouki,0,0,Local Government Directory (LGD),"Ministry of Panchayati Raj, Government of India",2026-10-07,All_Districtof_India_2026-10-07_17-55-02.xlsx,387ce8805f54b68baaeda1dbc40751927e8eb981f2b48548ffeaf833a6881d68,true
cg,22,Chhattisgarh,647,Mungeli,0,0,Local Government Directory (LGD),"Ministry of Panchayati Raj, Government of India",2026-10-07,All_Districtof_India_2026-10-07_17-55-02.xlsx,387ce8805f54b68baaeda1dbc40751927e8eb981f2b48548ffeaf833a6881d68,true
cg,22,Chhattisgarh,637,Narayanpur,0,415,Local Government Directory (LGD),"Ministry of Panchayati Raj, Government of India",2026-10-07,All_Districtof_India_2026-10-07_17-55-02.xlsx,387ce8805f54b68baaeda1dbc40751927e8eb981f2b48548ffeaf833a6881d68,true
cg,22,Chhattisgarh,386,Raigarh,4,403,Local Government Directory (LGD),"Ministry of Panchayati Raj, Government of India",2026-10-07,All_Districtof_India_2026-10-07_17-55-02.xlsx,387ce8805f54b68baaeda1dbc40751927e8eb981f2b48548ffeaf833a6881d68,true
cg,22,Chhattisgarh,387,Raipur,11,410,Local Government Directory (LGD),"Ministry of Panchayati Raj, Government of India",2026-10-07,All_Districtof_India_2026-10-07_17-55-02.xlsx,387ce8805f54b68baaeda1dbc40751927e8eb981f2b48548ffeaf833a6881d68,true
cg,22,Chhattisgarh,388,Rajnandgaon,9,408,Local Government Directory (LGD),"Ministry of Panchayati Raj, Government of India",2026-10-07,All_Districtof_India_2026-10-07_17-55-02.xlsx,387ce8805f54b68baaeda1dbc40751927e8eb981f2b48548ffeaf833a6881d68,true
cg,22,Chhattisgarh,762,Sakti,0,0,Local Government Directory (LGD),"Ministry of Panchayati Raj, Government of India",2026-10-07,All_Districtof_India_2026-10-07_17-55-02.xlsx,387ce8805f54b68baaeda1dbc40751927e8eb981f2b48548ffeaf833a6881d68,true
cg,22,Chhattisgarh,763,Sarangarh-Bilaigarh,0,0,Local Government Directory (LGD),"Ministry of Panchayati Raj, Government of India",2026-10-07,All_Districtof_India_2026-10-07_17-55-02.xlsx,387ce8805f54b68baaeda1dbc40751927e8eb981f2b48548ffeaf833a6881d68,true
cg,22,Chhattisgarh,642,Sukma,0,0,Local Government Directory (LGD),"Ministry of Panchayati Raj, Government of India",2026-10-07,All_Districtof_India_2026-10-07_17-55-02.xlsx,387ce8805f54b68baaeda1dbc40751927e8eb981f2b48548ffeaf833a6881d68,true
cg,22,Chhattisgarh,648,Surajpur,0,0,Local Government Directory (LGD),"Ministry of Panchayati Raj, Government of India",2026-10-07,All_Districtof_India_2026-10-07_17-55-02.xlsx,387ce8805f54b68baaeda1dbc40751927e8eb981f2b48548ffeaf833a6881d68,true
cg,22,Chhattisgarh,389,Surguja,2,401,Local Government Directory (LGD),"Ministry of Panchayati Raj, Government of India",2026-10-07,All_Districtof_India_2026-10-07_17-55-02.xlsx,387ce8805f54b68baaeda1dbc40751927e8eb981f2b48548ffeaf833a6881d68,true
cg,22,Chhattisgarh,381,Uttar Bastar Kanker,14,413,Local Government Directory (LGD),"Ministry of Panchayati Raj, Government of India",2026-10-07,All_Districtof_India_2026-10-07_17-55-02.xlsx,387ce8805f54b68baaeda1dbc40751927e8eb981f2b48548ffeaf833a6881d68,true
dl,7,Delhi,77,Central,6,95,Local Government Directory (LGD),"Ministry of Panchayati Raj, Government of India",2026-10-07,All_Districtof_India_2026-10-07_17-55-02.xlsx,387ce8805f54b68baaeda1dbc40751927e8eb981f2b48548ffeaf833a6881d68,true
dl,7,Delhi,796,Central North,0,0,Local Government Directory (LGD),"Ministry of Panchayati Raj, Government of India",2026-10-07,All_Districtof_India_2026-10-07_17-55-02.xlsx,387ce8805f54b68baaeda1dbc40751927e8eb981f2b48548ffeaf833a6881d68,true
dl,7,Delhi,78,East,4,93,Local Government Directory (LGD),"Ministry of Panchayati Raj, Government of India",2026-10-07,All_Districtof_India_2026-10-07_17-55-02.xlsx,387ce8805f54b68baaeda1dbc40751927e8eb981f2b48548ffeaf833a6881d68,true
dl,7,Delhi,79,New Delhi,5,94,Local Government Directory (LGD),"Ministry of Panchayati Raj, Government of India",2026-10-07,All_Districtof_India_2026-10-07_17-55-02.xlsx,387ce8805f54b68baaeda1dbc40751927e8eb981f2b48548ffeaf833a6881d68,true
dl,7,Delhi,80,North,2,91,Local Government Directory (LGD),"Ministry of Panchayati Raj, Government of India",2026-10-07,All_Districtof_India_2026-10-07_17-55-02.xlsx,387ce8805f54b68baaeda1dbc40751927e8eb981f2b48548ffeaf833a6881d68,true
dl,7,Delhi,81,North East,3,92,Local Government Directory (LGD),"Ministry of Panchayati Raj, Government of India",2026-10-07,All_Districtof_India_2026-10-07_17-55-02.xlsx,387ce8805f54b68baaeda1dbc40751927e8eb981f2b48548ffeaf833a6881d68,true
dl,7,Delhi,82,North West,1,90,Local Government Directory (LGD),"Ministry of Panchayati Raj, Government of India",2026-10-07,All_Districtof_India_2026-10-07_17-55-02.xlsx,387ce8805f54b68baaeda1dbc40751927e8eb981f2b48548ffeaf833a6881d68,true
dl,7,Delhi,795,Old Delhi,0,0,Local Government Directory (LGD),"Ministry of Panchayati Raj, Government of India",2026-10-07,All_Districtof_India_2026-10-07_17-55-02.xlsx,387ce8805f54b68baaeda1dbc40751927e8eb981f2b48548ffeaf833a6881d68,true
dl,7,Delhi,794,Outer North,0,0,Local Government Directory (LGD),"Ministry of Panchayati Raj, Government of India",2026-10-07,All_Districtof_India_2026-10-07_17-55-02.xlsx,387ce8805f54b68baaeda1dbc40751927e8eb981f2b48548ffeaf833a6881d68,true
dl,7,Delhi,83,South,9,98,Local Government Directory (LGD),"Ministry of Panchayati Raj, Government of India",2026-10-07,All_Districtof_India_2026-10-07_17-55-02.xlsx,387ce8805f54b68baaeda1dbc40751927e8eb981f2b48548ffeaf833a6881d68,true
dl,7,Delhi,670,South East,0,0,Local Government Directory (LGD),"Ministry of Panchayati Raj, Government of India",2026-10-07,All_Districtof_India_2026-10-07_17-55-02.xlsx,387ce8805f54b68baaeda1dbc40751927e8eb981f2b48548ffeaf833a6881d68,true
dl,7,Delhi,84,South West,8,97,Local Government Directory (LGD),"Ministry of Panchayati Raj, Government of India",2026-10-07,All_Districtof_India_2026-10-07_17-55-02.xlsx,387ce8805f54b68baaeda1dbc40751927e8eb981f2b48548ffeaf833a6881d68,true
dl,7,Delhi,85,West,7,96,Local Government Directory (LGD),"Ministry of Panchayati Raj, Government of India",2026-10-07,All_Districtof_India_2026-10-07_17-55-02.xlsx,387ce8805f54b68baaeda1dbc40751927e8eb981f2b48548ffeaf833a6881d68,true
ga,30,Goa,793,Kushavati,0,0,Local Government Directory (LGD),"Ministry of Panchayati Raj, Government of India",2026-10-07,All_Districtof_India_2026-10-07_17-55-02.xlsx,387ce8805f54b68baaeda1dbc40751927e8eb981f2b48548ffeaf833a6881d68,true
ga,30,Goa,551,North Goa,1,585,Local Government Directory (LGD),"Ministry of Panchayati Raj, Government of India",2026-10-07,All_Districtof_India_2026-10-07_17-55-02.xlsx,387ce8805f54b68baaeda1dbc40751927e8eb981f2b48548ffeaf833a6881d68,true
ga,30,Goa,552,South Goa,2,586,Local Government Directory (LGD),"Ministry of Panchayati Raj, Government of India",2026-10-07,All_Districtof_India_2026-10-07_17-55-02.xlsx,387ce8805f54b68baaeda1dbc40751927e8eb981f2b48548ffeaf833a6881d68,true
gj,24,Gujarat,438,Ahmedabad,7,474,Local Government Directory (LGD),"Ministry of Panchayati Raj, Government of India",2026-10-07,All_Districtof_India_2026-10-07_17-55-02.xlsx,387ce8805f54b68baaeda1dbc40751927e8eb981f2b48548ffeaf833a6881d68,true
gj,24,Gujarat,439,Amreli,13,480,Local Government Directory (LGD),"Ministry of Panchayati Raj, Government of India",2026-10-07,All_Districtof_India_2026-10-07_17-55-02.xlsx,387ce8805f54b68baaeda1dbc40751927e8eb981f2b48548ffeaf833a6881d68,true
gj,24,Gujarat,440,Anand,15,482,Local Government Directory (LGD),"Ministry of Panchayati Raj, Government of India",2026-10-07,All_Districtof_India_2026-10-07_17-55-02.xlsx,387ce8805f54b68baaeda1dbc40751927e8eb981f2b48548ffeaf833a6881d68,true
gj,24,Gujarat,672,Arvalli,0,0,Local Government Directory (LGD),"Ministry of Panchayati Raj, Government of India",2026-10-07,All_Districtof_India_2026-10-07_17-55-02.xlsx,387ce8805f54b68baaeda1dbc40751927e8eb981f2b48548ffeaf833a6881d68,true
gj,24,Gujarat,441,Banas Kantha,2,469,Local Government Directory (LGD),"Ministry of Panchayati Raj, Government of India",2026-10-07,All_Districtof_India_2026-10-07_17-55-02.xlsx,387ce8805f54b68baaeda1dbc40751927e8eb981f2b48548ffeaf833a6881d68,true
gj,24,Gujarat,442,Bharuch,21,488,Local Government Directory (LGD),"Ministry of Panchayati Raj, Government of India",2026-10-07,All_Districtof_India_2026-10-07_17-55-02.xlsx,387ce8805f54b68baaeda1dbc40751927e8eb981f2b48548ffeaf833a6881d68,true
gj,24,Gujarat,443,Bhavnagar,14,481,Local Government Directory (LGD),"Ministry of Panchayati Raj, Government of India",2026-10-07,All_Districtof_India_2026-10-07_17-55-02.xlsx,387ce8805f54b68baaeda1dbc40751927e8eb981f2b48548ffeaf833a6881d68,true
gj,24,Gujarat,676,Botad,0,0,Local Government Directory (LGD),"Ministry of Panchayati Raj, Government of India",2026-10-07,All_Districtof_India_2026-10-07_17-55-02.xlsx,387ce8805f54b68baaeda1dbc40751927e8eb981f2b48548ffeaf833a6881d68,true
gj,24,Gujarat,668,Chhotaudepur,0,0,Local Government Directory (LGD),"Ministry of Panchayati Raj, Government of India",2026-10-07,All_Districtof_India_2026-10-07_17-55-02.xlsx,387ce8805f54b68baaeda1dbc40751927e8eb981f2b48548ffeaf833a6881d68,true
gj,24,Gujarat,445,Dahod,18,485,Local Government Directory (LGD),"Ministry of Panchayati Raj, Government of India",2026-10-07,All_Districtof_India_2026-10-07_17-55-02.xlsx,387ce8805f54b68baaeda1dbc40751927e8eb981f2b48548ffeaf833a6881d68,true
gj,24,Gujarat,444,Dangs,23,489,Local Government Directory (LGD),"Ministry of Panchayati Raj, Government of India",2026-10-07,All_Districtof_India_2026-10-07_17-55-02.xlsx,387ce8805f54b68baaeda1dbc40751927e8eb981f2b48548ffeaf833a6881d68,true
gj,24,Gujarat,674,Devbhumi Dwarka,0,0,Local Government Directory (LGD),"Ministry of Panchayati Raj, Government of India",2026-10-07,All_Districtof_India_2026-10-07_17-55-02.xlsx,387ce8805f54b68baaeda1dbc40751927e8eb981f2b48548ffeaf833a6881d68,true
gj,24,Gujarat,446,Gandhinagar,6,473,Local Government Directory (LGD),"Ministry of Panchayati Raj, Government of India",2026-10-07,All_Districtof_India_2026-10-07_17-55-02.xlsx,387ce8805f54b68baaeda1dbc40751927e8eb981f2b48548ffeaf833a6881d68,true
gj,24,Gujarat,675,Gir Somnath,0,0,Local Government Directory (LGD),"Ministry of Panchayati Raj, Government of India",2026-10-07,All_Districtof_India_2026-10-07_17-55-02.xlsx,387ce8805f54b68baaeda1dbc40751927e8eb981f2b48548ffeaf833a6881d68,true
gj,24,Gujarat,447,Jamnagar,10,477,Local Government Directory (LGD),"Ministry of Panchayati Raj, Government of India",2026-10-07,All_Districtof_India_2026-10-07_17-55-02.xlsx,387ce8805f54b68baaeda1dbc40751927e8eb981f2b48548ffeaf833a6881d68,true
gj,24,Gujarat,448,Junagadh,12,479,Local Government Directory (LGD),"Ministry of Panchayati Raj, Government of India",2026-10-07,All_Districtof_India_2026-10-07_17-55-02.xlsx,387ce8805f54b68baaeda1dbc40751927e8eb981f2b48548ffeaf833a6881d68,true
gj,24,Gujarat,449,Kachchh,1,468,Local Government Directory (LGD),"Ministry of Panchayati Raj, Government of India",2026-10-07,All_Districtof_India_2026-10-07_17-55-02.xlsx,387ce8805f54b68baaeda1dbc40751927e8eb981f2b48548ffeaf833a6881d68,true
gj,24,Gujarat,450,Kheda,16,483,Local Government Directory (LGD),"Ministry of Panchayati Raj, Government of India",2026-10-07,All_Districtof_India_2026-10-07_17-55-02.xlsx,387ce8805f54b68baaeda1dbc40751927e8eb981f2b48548ffeaf833a6881d68,true
gj,24,Gujarat,451,Mahesana,4,471,Local Government Directory (LGD),"Ministry of Panchayati Raj, Government of India",2026-10-07,All_Districtof_India_2026-10-07_17-55-02.xlsx,387ce8805f54b68baaeda1dbc40751927e8eb981f2b48548ffeaf833a6881d68,true
gj,24,Gujarat,669,Mahisagar,0,0,Local Government Directory (LGD),"Ministry of Panchayati Raj, Government of India",2026-10-07,All_Districtof_India_2026-10-07_17-55-02.xlsx,387ce8805f54b68baaeda1dbc40751927e8eb981f2b48548ffeaf833a6881d68,true
gj,24,Gujarat,673,Morbi,0,0,Local Government Directory (LGD),"Ministry of Panchayati Raj, Government of India",2026-10-07,All_Districtof_India_2026-10-07_17-55-02.xlsx,387ce8805f54b68baaeda1dbc40751927e8eb981f2b48548ffeaf833a6881d68,true
gj,24,Gujarat,452,Narmada,20,487,Local Government Directory (LGD),"Ministry of Panchayati Raj, Government of India",2026-10-07,All_Districtof_India_2026-10-07_17-55-02.xlsx,387ce8805f54b68baaeda1dbc40751927e8eb981f2b48548ffeaf833a6881d68,true
gj,24,Gujarat,453,Navsari,24,490,Local Government Directory (LGD),"Ministry of Panchayati Raj, Government of India",2026-10-07,All_Districtof_India_2026-10-07_17-55-02.xlsx,387ce8805f54b68baaeda1dbc40751927e8eb981f2b48548ffeaf833a6881d68,true
gj,24,Gujarat,454,Panch Mahals,17,484,Local Government Directory (LGD),"Ministry of Panchayati Raj, Government of India",2026-10-07,All_Districtof_India_2026-10-07_17-55-02.xlsx,387ce8805f54b68baaeda1dbc40751927e8eb981f2b48548ffeaf833a6881d68,true
gj,24,Gujarat,455,Patan,3,470,Local Government Directory (LGD),"Ministry of Panchayati Raj, Government of India",2026-10-07,All_Districtof_India_2026-10-07_17-55-02.xlsx,387ce8805f54b68baaeda1dbc40751927e8eb981f2b48548ffeaf833a6881d68,true
gj,24,Gujarat,456,Porbandar,11,478,Local Government Directory (LGD),"Ministry of Panchayati Raj, Government of India",2026-10-07,All_Districtof_India_2026-10-07_17-55-02.xlsx,387ce8805f54b68baaeda1dbc40751927e8eb981f2b48548ffeaf833a6881d68,true
gj,24,Gujarat,457,Rajkot,9,476,Local Government Directory (LGD),"Ministry of Panchayati Raj, Government of India",2026-10-07,All_Districtof_India_2026-10-07_17-55-02.xlsx,387ce8805f54b68baaeda1dbc40751927e8eb981f2b48548ffeaf833a6881d68,true
gj,24,Gujarat,458,Sabar Kantha,5,472,Local Government Directory (LGD),"Ministry of Panchayati Raj, Government of India",2026-10-07,All_Districtof_India_2026-10-07_17-55-02.xlsx,387ce8805f54b68baaeda1dbc40751927e8eb981f2b48548ffeaf833a6881d68,true
gj,24,Gujarat,459,Surat,22,492,Local Government Directory (LGD),"Ministry of Panchayati Raj, Government of India",2026-10-07,All_Districtof_India_2026-10-07_17-55-02.xlsx,387ce8805f54b68baaeda1dbc40751927e8eb981f2b48548ffeaf833a6881d68,true
gj,24,Gujarat,460,Surendranagar,8,475,Local Government Directory (LGD),"Ministry of Panchayati Raj, Government of India",2026-10-07,All_Districtof_India_2026-10-07_17-55-02.xlsx,387ce8805f54b68baaeda1dbc40751927e8eb981f2b48548ffeaf833a6881d68,true
gj,24,Gujarat,641,Tapi,0,493,Local Government Directory (LGD),"Ministry of Panchayati Raj, Government of India",2026-10-07,All_Districtof_India_2026-10-07_17-55-02.xlsx,387ce8805f54b68baaeda1dbc40751927e8eb981f2b48548ffeaf833a6881d68,true
gj,24,Gujarat,461,Vadodara,19,486,Local Government Directory (LGD),"Ministry of Panchayati Raj, Government of India",2026-10-07,All_Districtof_India_2026-10-07_17-55-02.xlsx,387ce8805f54b68baaeda1dbc40751927e8eb981f2b48548ffeaf833a6881d68,true
gj,24,Gujarat,462,Valsad,25,491,Local Government Directory (LGD),"Ministry of Panchayati Raj, Government of India",2026-10-07,All_Districtof_India_2026-10-07_17-55-02.xlsx,387ce8805f54b68baaeda1dbc40751927e8eb981f2b48548ffeaf833a6881d68,true
gj,24,Gujarat,789,Vav-Tharad,0,0,Local Government Directory (LGD),"Ministry of Panchayati Raj, Government of India",2026-10-07,All_Districtof_India_2026-10-07_17-55-02.xlsx,387ce8805f54b68baaeda1dbc40751927e8eb981f2b48548ffeaf833a6881d68,true
hr,6,Haryana,58,Ambala,2,70,Local Government Directory (LGD),"Ministry of Panchayati Raj, Government of India",2026-10-07,All_Districtof_India_2026-10-07_17-55-02.xlsx,387ce8805f54b68baaeda1dbc40751927e8eb981f2b48548ffeaf833a6881d68,true
hr,6,Haryana,59,Bhiwani,13,81,Local Government Directory (LGD),"Ministry of Panchayati Raj, Government of India",2026-10-07,All_Districtof_India_2026-10-07_17-55-02.xlsx,387ce8805f54b68baaeda1dbc40751927e8eb981f2b48548ffeaf833a6881d68,true
hr,6,Haryana,701,Charkhi Dadri,0,0,Local Government Directory (LGD),"Ministry of Panchayati Raj, Government of India",2026-10-07,All_Districtof_India_2026-10-07_17-55-02.xlsx,387ce8805f54b68baaeda1dbc40751927e8eb981f2b48548ffeaf833a6881d68,true
hr,6,Haryana,60,Faridabad,19,88,Local Government Directory (LGD),"Ministry of Panchayati Raj, Government of India",2026-10-07,All_Districtof_India_2026-10-07_17-55-02.xlsx,387ce8805f54b68baaeda1dbc40751927e8eb981f2b48548ffeaf833a6881d68,true
hr,6,Haryana,61,Fatehabad,10,78,Local Government Directory (LGD),"Ministry of Panchayati Raj, Government of India",2026-10-07,All_Districtof_India_2026-10-07_17-55-02.xlsx,387ce8805f54b68baaeda1dbc40751927e8eb981f2b48548ffeaf833a6881d68,true
hr,6,Haryana,62,Gurugram,18,86,Local Government Directory (LGD),"Ministry of Panchayati Raj, Government of India",2026-10-07,All_Districtof_India_2026-10-07_17-55-02.xlsx,387ce8805f54b68baaeda1dbc40751927e8eb981f2b48548ffeaf833a6881d68,true
hr,6,Haryana,792,Hansi,0,0,Local Government Directory (LGD),"Ministry of Panchayati Raj, Government of India",2026-10-07,All_Districtof_India_2026-10-07_17-55-02.xlsx,387ce8805f54b68baaeda1dbc40751927e8eb981f2b48548ffeaf833a6881d68,true
hr,6,Haryana,63,Hisar,12,80,Local Government Directory (LGD),"Ministry of Panchayati Raj, Government of India",2026-10-07,All_Districtof_India_2026-10-07_17-55-02.xlsx,387ce8805f54b68baaeda1dbc40751927e8eb981f2b48548ffeaf833a6881d68,true
hr,6,Haryana,64,Jhajjar,15,83,Local Government Directory (LGD),"Ministry of Panchayati Raj, Government of India",2026-10-07,All_Districtof_India_2026-10-07_17-55-02.xlsx,387ce8805f54b68baaeda1dbc40751927e8eb981f2b48548ffeaf833a6881d68,true
hr,6,Haryana,65,Jind,9,77,Local Government Directory (LGD),"Ministry of Panchayati Raj, Government of India",2026-10-07,All_Districtof_India_2026-10-07_17-55-02.xlsx,387ce8805f54b68baaeda1dbc40751927e8eb981f2b48548ffeaf833a6881d68,true
hr,6,Haryana,66,Kaithal,5,73,Local Government Directory (LGD),"Ministry of Panchayati Raj, Government of India",2026-10-07,All_Districtof_India_2026-10-07_17-55-02.xlsx,387ce8805f54b68baaeda1dbc40751927e8eb981f2b48548ffeaf833a6881d68,true
hr,6,Haryana,67,Karnal,6,74,Local Government Directory (LGD),"Ministry of Panchayati Raj, Government of India",2026-10-07,All_Districtof_India_2026-10-07_17-55-02.xlsx,387ce8805f54b68baaeda1dbc40751927e8eb981f2b48548ffeaf833a6881d68,true
hr,6,Haryana,68,Kurukshetra,4,72,Local Government Directory (LGD),"Ministry of Panchayati Raj, Government of India",2026-10-07,All_Districtof_India_2026-10-07_17-55-02.xlsx,387ce8805f54b68baaeda1dbc40751927e8eb981f2b48548ffeaf833a6881d68,true
hr,6,Haryana,69,Mahendragarh,16,84,Local Government Directory (LGD),"Ministry of Panchayati Raj, Government of India",2026-10-07,All_Districtof_India_2026-10-07_17-55-02.xlsx,387ce8805f54b68baaeda1dbc40751927e8eb981f2b48548ffeaf833a6881d68,true
hr,6,Haryana,604,Nuh,0,87,Local Government Directory (LGD),"Ministry of Panchayati Raj, Government of India",2026-10-07,All_Districtof_India_2026-10-07_17-55-02.xlsx,387ce8805f54b68baaeda1dbc40751927e8eb981f2b48548ffeaf833a6881d68,true
hr,6,Haryana,619,Palwal,0,89,Local Government Directory (LGD),"Ministry of Panchayati Raj, Government of India",2026-10-07,All_Districtof_India_2026-10-07_17-55-02.xlsx,387ce8805f54b68baaeda1dbc40751927e8eb981f2b48548ffeaf833a6881d68,true
hr,6,Haryana,70,Panchkula,1,69,Local Government Directory (LGD),"Ministry of Panchayati Raj, Government of India",2026-10-07,All_Districtof_India_2026-10-07_17-55-02.xlsx,387ce8805f54b68baaeda1dbc40751927e8eb981f2b48548ffeaf833a6881d68,true
hr,6,Haryana,71,Panipat,7,75,Local Government Directory (LGD),"Ministry of Panchayati Raj, Government of India",2026-10-07,All_Districtof_India_2026-10-07_17-55-02.xlsx,387ce8805f54b68baaeda1dbc40751927e8eb981f2b48548ffeaf833a6881d68,true
hr,6,Haryana,72,Rewari,17,85,Local Government Directory (LGD),"Ministry of Panchayati Raj, Government of India",2026-10-07,All_Districtof_India_2026-10-07_17-55-02.xlsx,387ce8805f54b68baaeda1dbc40751927e8eb981f2b48548ffeaf833a6881d68,true
hr,6,Haryana,73,Rohtak,14,82,Local Government Directory (LGD),"Ministry of Panchayati Raj, Government of India",2026-10-07,All_Districtof_India_2026-10-07_17-55-02.xlsx,387ce8805f54b68baaeda1dbc40751927e8eb981f2b48548ffeaf833a6881d68,true
hr,6,Haryana,74,Sirsa,11,79,Local Government Directory (LGD),"Ministry of Panchayati Raj, Government of India",2026-10-07,All_Districtof_India_2026-10-07_17-55-02.xlsx,387ce8805f54b68baaeda1dbc40751927e8eb981f2b48548ffeaf833a6881d68,true
hr,6,Haryana,75,Sonipat,8,76,Local Government Directory (LGD),"Ministry of Panchayati Raj, Government of India",2026-10-07,All_Districtof_India_2026-10-07_17-55-02.xlsx,387ce8805f54b68baaeda1dbc40751927e8eb981f2b48548ffeaf833a6881d68,true
hr,6,Haryana,76,Yamunanagar,3,71,Local Government Directory (LGD),"Ministry of Panchayati Raj, Government of India",2026-10-07,All_Districtof_India_2026-10-07_17-55-02.xlsx,387ce8805f54b68baaeda1dbc40751927e8eb981f2b48548ffeaf833a6881d68,true
hp,2,Himachal Pradesh,15,Bilaspur,8,30,Local Government Directory (LGD),"Ministry of Panchayati Raj, Government of India",2026-10-07,All_Districtof_India_2026-10-07_17-55-02.xlsx,387ce8805f54b68baaeda1dbc40751927e8eb981f2b48548ffeaf833a6881d68,true
hp,2,Himachal Pradesh,16,Chamba,1,23,Local Government Directory (LGD),"Ministry of Panchayati Raj, Government of India",2026-10-07,All_Districtof_India_2026-10-07_17-55-02.xlsx,387ce8805f54b68baaeda1dbc40751927e8eb981f2b48548ffeaf833a6881d68,true
hp,2,Himachal Pradesh,17,Hamirpur,6,28,Local Government Directory (LGD),"Ministry of Panchayati Raj, Government of India",2026-10-07,All_Districtof_India_2026-10-07_17-55-02.xlsx,387ce8805f54b68baaeda1dbc40751927e8eb981f2b48548ffeaf833a6881d68,true
hp,2,Himachal Pradesh,18,Kangra,2,24,Local Government Directory (LGD),"Ministry of Panchayati Raj, Government of India",2026-10-07,All_Districtof_India_2026-10-07_17-55-02.xlsx,387ce8805f54b68baaeda1dbc40751927e8eb981f2b48548ffeaf833a6881d68,true
hp,2,Himachal Pradesh,19,Kinnaur,12,34,Local Government Directory (LGD),"Ministry of Panchayati Raj, Government of India",2026-10-07,All_Districtof_India_2026-10-07_17-55-02.xlsx,387ce8805f54b68baaeda1dbc40751927e8eb981f2b48548ffeaf833a6881d68,true
hp,2,Himachal Pradesh,20,Kullu,4,26,Local Government Directory (LGD),"Ministry of Panchayati Raj, Government of India",2026-10-07,All_Districtof_India_2026-10-07_17-55-02.xlsx,387ce8805f54b68baaeda1dbc40751927e8eb981f2b48548ffeaf833a6881d68,true
hp,2,Himachal Pradesh,21,Lahaul And Spiti,3,25,Local Government Directory (LGD),"Ministry of Panchayati Raj, Government of India",2026-10-07,All_Districtof_India_2026-10-07_17-55-02.xlsx,387ce8805f54b68baaeda1dbc40751927e8eb981f2b48548ffeaf833a6881d68,true
hp,2,Himachal Pradesh,22,Mandi,5,27,Local Government Directory (LGD),"Ministry of Panchayati Raj, Government of India",2026-10-07,All_Districtof_India_2026-10-07_17-55-02.xlsx,387ce8805f54b68baaeda1dbc40751927e8eb981f2b48548ffeaf833a6881d68,true
hp,2,Himachal Pradesh,23,Shimla,11,33,Local Government Directory (LGD),"Ministry of Panchayati Raj, Government of India",2026-10-07,All_Districtof_India_2026-10-07_17-55-02.xlsx,387ce8805f54b68baaeda1dbc40751927e8eb981f2b48548ffeaf833a6881d68,true
hp,2,Himachal Pradesh,24,Sirmaur,10,32,Local Government Directory (LGD),"Ministry of Panchayati Raj, Government of India",2026-10-07,All_Districtof_India_2026-10-07_17-55-02.xlsx,387ce8805f54b68baaeda1dbc40751927e8eb981f2b48548ffeaf833a6881d68,true
hp,2,Himachal Pradesh,25,Solan,9,31,Local Government Directory (LGD),"Ministry of Panchayati Raj, Government of India",2026-10-07,All_Districtof_India_2026-10-07_17-55-02.xlsx,387ce8805f54b68baaeda1dbc40751927e8eb981f2b48548ffeaf833a6881d68,true
hp,2,Himachal Pradesh,26,Una,7,29,Local Government Directory (LGD),"Ministry of Panchayati Raj, Government of India",2026-10-07,All_Districtof_India_2026-10-07_17-55-02.xlsx,387ce8805f54b68baaeda1dbc40751927e8eb981f2b48548ffeaf833a6881d68,true
jk,1,Jammu And Kashmir,1,Anantnag,6,14,Local Government Directory (LGD),"Ministry of Panchayati Raj, Government of India",2026-10-07,All_Districtof_India_2026-10-07_17-55-02.xlsx,387ce8805f54b68baaeda1dbc40751927e8eb981f2b48548ffeaf833a6881d68,true
jk,1,Jammu And Kashmir,623,Bandipora,0,9,Local Government Directory (LGD),"Ministry of Panchayati Raj, Government of India",2026-10-07,All_Districtof_India_2026-10-07_17-55-02.xlsx,387ce8805f54b68baaeda1dbc40751927e8eb981f2b48548ffeaf833a6881d68,true
jk,1,Jammu And Kashmir,3,Baramulla,2,8,Local Government Directory (LGD),"Ministry of Panchayati Raj, Government of India",2026-10-07,All_Districtof_India_2026-10-07_17-55-02.xlsx,387ce8805f54b68baaeda1dbc40751927e8eb981f2b48548ffeaf833a6881d68,true
jk,1,Jammu And Kashmir,2,Budgam,4,2,Local Government Directory (LGD),"Ministry of Panchayati Raj, Government of India",2026-10-07,All_Districtof_India_2026-10-07_17-55-02.xlsx,387ce8805f54b68baaeda1dbc40751927e8eb981f2b48548ffeaf833a6881d68,true
jk,1,Jammu And Kashmir,4,Doda,9,16,Local Government Directory (LGD),"Ministry of Panchayati Raj, Government of India",2026-10-07,All_Districtof_India_2026-10-07_17-55-02.xlsx,387ce8805f54b68baaeda1dbc40751927e8eb981f2b48548ffeaf833a6881d68,true
jk,1,Jammu And Kashmir,626,Ganderbal,0,11,Local Government Directory (LGD),"Ministry of Panchayati Raj, Government of India",2026-10-07,All_Districtof_India_2026-10-07_17-55-02.xlsx,387ce8805f54b68baaeda1dbc40751927e8eb981f2b48548ffeaf833a6881d68,true
jk,1,Jammu And Kashmir,5,Jammu,13,21,Local Government Directory (LGD),"Ministry of Panchayati Raj, Government of India",2026-10-07,All_Districtof_India_2026-10-07_17-55-02.xlsx,387ce8805f54b68baaeda1dbc40751927e8eb981f2b48548ffeaf833a6881d68,true
jk,1,Jammu And Kashmir,7,Kathua,14,7,Local Government Directory (LGD),"Ministry of Panchayati Raj, Government of India",2026-10-07,All_Districtof_India_2026-10-07_17-55-02.xlsx,387ce8805f54b68baaeda1dbc40751927e8eb981f2b48548ffeaf833a6881d68,true
jk,1,Jammu And Kashmir,620,Kishtwar,9,18,Local Government Directory (LGD),"Ministry of Panchayati Raj, Government of India",2026-10-07,All_Districtof_India_2026-10-07_17-55-02.xlsx,387ce8805f54b68baaeda1dbc40751927e8eb981f2b48548ffeaf833a6881d68,true
jk,1,Jammu And Kashmir,622,Kulgam,0,15,Local Government Directory (LGD),"Ministry of Panchayati Raj, Government of India",2026-10-07,All_Districtof_India_2026-10-07_17-55-02.xlsx,387ce8805f54b68baaeda1dbc40751927e8eb981f2b48548ffeaf833a6881d68,true
jk,1,Jammu And Kashmir,8,Kupwara,1,1,Local Government Directory (LGD),"Ministry of Panchayati Raj, Government of India",2026-10-07,All_Districtof_India_2026-10-07_17-55-02.xlsx,387ce8805f54b68baaeda1dbc40751927e8eb981f2b48548ffeaf833a6881d68,true
jk,1,Jammu And Kashmir,10,Poonch,11,5,Local Government Directory (LGD),"Ministry of Panchayati Raj, Government of India",2026-10-07,All_Districtof_India_2026-10-07_17-55-02.xlsx,387ce8805f54b68baaeda1dbc40751927e8eb981f2b48548ffeaf833a6881d68,true
jk,1,Jammu And Kashmir,11,Pulwama,5,12,Local Government Directory (LGD),"Ministry of Panchayati Raj, Government of India",2026-10-07,All_Districtof_India_2026-10-07_17-55-02.xlsx,387ce8805f54b68baaeda1dbc40751927e8eb981f2b48548ffeaf833a6881d68,true
jk,1,Jammu And Kashmir,12,Rajouri,12,6,Local Government Directory (LGD),"Ministry of Panchayati Raj, Government of India",2026-10-07,All_Districtof_India_2026-10-07_17-55-02.xlsx,387ce8805f54b68baaeda1dbc40751927e8eb981f2b48548ffeaf833a6881d68,true
jk,1,Jammu And Kashmir,621,Ramban,9,17,Local Government Directory (LGD),"Ministry of Panchayati Raj, Government of India",2026-10-07,All_Districtof_India_2026-10-07_17-55-02.xlsx,387ce8805f54b68baaeda1dbc40751927e8eb981f2b48548ffeaf833a6881d68,true
jk,1,Jammu And Kashmir,627,Reasi,0,20,Local Government Directory (LGD),"Ministry of Panchayati Raj, Government of India",2026-10-07,All_Districtof_India_2026-10-07_17-55-02.xlsx,387ce8805f54b68baaeda1dbc40751927e8eb981f2b48548ffeaf833a6881d68,true
jk,1,Jammu And Kashmir,624,Samba,0,22,Local Government Directory (LGD),"Ministry of Panchayati Raj, Government of India",2026-10-07,All_Districtof_India_2026-10-07_17-55-02.xlsx,387ce8805f54b68baaeda1dbc40751927e8eb981f2b48548ffeaf833a6881d68,true
jk,1,Jammu And Kashmir,625,Shopian,0,13,Local Government Directory (LGD),"Ministry of Panchayati Raj, Government of India",2026-10-07,All_Districtof_India_2026-10-07_17-55-02.xlsx,387ce8805f54b68baaeda1dbc40751927e8eb981f2b48548ffeaf833a6881d68,true
jk,1,Jammu And Kashmir,13,Srinagar,3,10,Local Government Directory (LGD),"Ministry of Panchayati Raj, Government of India",2026-10-07,All_Districtof_India_2026-10-07_17-55-02.xlsx,387ce8805f54b68baaeda1dbc40751927e8eb981f2b48548ffeaf833a6881d68,true
jk,1,Jammu And Kashmir,14,Udhampur,10,19,Local Government Directory (LGD),"Ministry of Panchayati Raj, Government of India",2026-10-07,All_Districtof_India_2026-10-07_17-55-02.xlsx,387ce8805f54b68baaeda1dbc40751927e8eb981f2b48548ffeaf833a6881d68,true
jh,20,Jharkhand,322,Bokaro,13,355,Local Government Directory (LGD),"Ministry of Panchayati Raj, Government of India",2026-10-07,All_Districtof_India_2026-10-07_17-55-02.xlsx,387ce8805f54b68baaeda1dbc40751927e8eb981f2b48548ffeaf833a6881d68,true
jh,20,Jharkhand,323,Chatra,3,347,Local Government Directory (LGD),"Ministry of Panchayati Raj, Government of India",2026-10-07,All_Districtof_India_2026-10-07_17-55-02.xlsx,387ce8805f54b68baaeda1dbc40751927e8eb981f2b48548ffeaf833a6881d68,true
jh,20,Jharkhand,324,Deoghar,7,350,Local Government Directory (LGD),"Ministry of Panchayati Raj, Government of India",2026-10-07,All_Districtof_India_2026-10-07_17-55-02.xlsx,387ce8805f54b68baaeda1dbc40751927e8eb981f2b48548ffeaf833a6881d68,true
jh,20,Jharkhand,325,Dhanbad,12,354,Local Government Directory (LGD),"Ministry of Panchayati Raj, Government of India",2026-10-07,All_Districtof_India_2026-10-07_17-55-02.xlsx,387ce8805f54b68baaeda1dbc40751927e8eb981f2b48548ffeaf833a6881d68,true
jh,20,Jharkhand,326,Dumka,11,362,Local Government Directory (LGD),"Ministry of Panchayati Raj, Government of India",2026-10-07,All_Districtof_India_2026-10-07_17-55-02.xlsx,387ce8805f54b68baaeda1dbc40751927e8eb981f2b48548ffeaf833a6881d68,true
jh,20,Jharkhand,327,East Singhbum,18,357,Local Government Directory (LGD),"Ministry of Panchayati Raj, Government of India",2026-10-07,All_Districtof_India_2026-10-07_17-55-02.xlsx,387ce8805f54b68baaeda1dbc40751927e8eb981f2b48548ffeaf833a6881d68,true
jh,20,Jharkhand,328,Garhwa,1,346,Local Government Directory (LGD),"Ministry of Panchayati Raj, Government of India",2026-10-07,All_Districtof_India_2026-10-07_17-55-02.xlsx,387ce8805f54b68baaeda1dbc40751927e8eb981f2b48548ffeaf833a6881d68,true
jh,20,Jharkhand,329,Giridih,6,349,Local Government Directory (LGD),"Ministry of Panchayati Raj, Government of India",2026-10-07,All_Districtof_India_2026-10-07_17-55-02.xlsx,387ce8805f54b68baaeda1dbc40751927e8eb981f2b48548ffeaf833a6881d68,true
jh,20,Jharkhand,330,Godda,8,351,Local Government Directory (LGD),"Ministry of Panchayati Raj, Government of India",2026-10-07,All_Districtof_India_2026-10-07_17-55-02.xlsx,387ce8805f54b68baaeda1dbc40751927e8eb981f2b48548ffeaf833a6881d68,true
jh,20,Jharkhand,331,Gumla,16,366,Local Government Directory (LGD),"Ministry of Panchayati Raj, Government of India",2026-10-07,All_Districtof_India_2026-10-07_17-55-02.xlsx,387ce8805f54b68baaeda1dbc40751927e8eb981f2b48548ffeaf833a6881d68,true
jh,20,Jharkhand,332,Hazaribagh,4,360,Local Government Directory (LGD),"Ministry of Panchayati Raj, Government of India",2026-10-07,All_Districtof_India_2026-10-07_17-55-02.xlsx,387ce8805f54b68baaeda1dbc40751927e8eb981f2b48548ffeaf833a6881d68,true
jh,20,Jharkhand,333,Jamtara,20,363,Local Government Directory (LGD),"Ministry of Panchayati Raj, Government of India",2026-10-07,All_Districtof_India_2026-10-07_17-55-02.xlsx,387ce8805f54b68baaeda1dbc40751927e8eb981f2b48548ffeaf833a6881d68,true
jh,20,Jharkhand,606,Khunti,14,365,Local Government Directory (LGD),"Ministry of Panchayati Raj, Government of India",2026-10-07,All_Districtof_India_2026-10-07_17-55-02.xlsx,387ce8805f54b68baaeda1dbc40751927e8eb981f2b48548ffeaf833a6881d68,true
jh,20,Jharkhand,334,Koderma,5,348,Local Government Directory (LGD),"Ministry of Panchayati Raj, Government of India",2026-10-07,All_Districtof_India_2026-10-07_17-55-02.xlsx,387ce8805f54b68baaeda1dbc40751927e8eb981f2b48548ffeaf833a6881d68,true
jh,20,Jharkhand,335,Latehar,2,359,Local Government Directory (LGD),"Ministry of Panchayati Raj, Government of India",2026-10-07,All_Districtof_India_2026-10-07_17-55-02.xlsx,387ce8805f54b68baaeda1dbc40751927e8eb981f2b48548ffeaf833a6881d68,true
jh,20,Jharkhand,336,Lohardaga,15,356,Local Government Directory (LGD),"Ministry of Panchayati Raj, Government of India",2026-10-07,All_Districtof_India_2026-10-07_17-55-02.xlsx,387ce8805f54b68baaeda1dbc40751927e8eb981f2b48548ffeaf833a6881d68,true
jh,20,Jharkhand,337,Pakur,10,353,Local Government Directory (LGD),"Ministry of Panchayati Raj, Government of India",2026-10-07,All_Districtof_India_2026-10-07_17-55-02.xlsx,387ce8805f54b68baaeda1dbc40751927e8eb981f2b48548ffeaf833a6881d68,true
jh,20,Jharkhand,338,Palamu,2,358,Local Government Directory (LGD),"Ministry of Panchayati Raj, Government of India",2026-10-07,All_Districtof_India_2026-10-07_17-55-02.xlsx,387ce8805f54b68baaeda1dbc40751927e8eb981f2b48548ffeaf833a6881d68,true
jh,20,Jharkhand,607,Ramgarh,4,361,Local Government Directory (LGD),"Ministry of Panchayati Raj, Government of India",2026-10-07,All_Districtof_India_2026-10-07_17-55-02.xlsx,387ce8805f54b68baaeda1dbc40751927e8eb981f2b48548ffeaf833a6881d68,true
jh,20,Jharkhand,339,Ranchi,14,364,Local Government Directory (LGD),"Ministry of Panchayati Raj, Government of India",2026-10-07,All_Districtof_India_2026-10-07_17-55-02.xlsx,387ce8805f54b68baaeda1dbc40751927e8eb981f2b48548ffeaf833a6881d68,true
jh,20,Jharkhand,340,Sahebganj,9,352,Local Government Directory (LGD),"Ministry of Panchayati Raj, Government of India",2026-10-07,All_Districtof_India_2026-10-07_17-55-02.xlsx,387ce8805f54b68baaeda1dbc40751927e8eb981f2b48548ffeaf833a6881d68,true
jh,20,Jharkhand,341,Saraikela Kharsawan,17,369,Local Government Directory (LGD),"Ministry of Panchayati Raj, Government of India",2026-10-07,All_Districtof_India_2026-10-07_17-55-02.xlsx,387ce8805f54b68baaeda1dbc40751927e8eb981f2b48548ffeaf833a6881d68,true
jh,20,Jharkhand,342,Simdega,21,367,Local Government Directory (LGD),"Ministry of Panchayati Raj, Government of India",2026-10-07,All_Districtof_India_2026-10-07_17-55-02.xlsx,387ce8805f54b68baaeda1dbc40751927e8eb981f2b48548ffeaf833a6881d68,true
jh,20,Jharkhand,343,West Singhbhum,17,368,Local Government Directory (LGD),"Ministry of Panchayati Raj, Government of India",2026-10-07,All_Districtof_India_2026-10-07_17-55-02.xlsx,387ce8805f54b68baaeda1dbc40751927e8eb981f2b48548ffeaf833a6881d68,true
ka,29,Karnataka,524,Bagalkote,2,556,Local Government Directory (LGD),"Ministry of Panchayati Raj, Government of India",2026-10-07,All_Districtof_India_2026-10-07_17-55-02.xlsx,387ce8805f54b68baaeda1dbc40751927e8eb981f2b48548ffeaf833a6881d68,true
ka,29,Karnataka,528,Ballari,12,565,Local Government Directory (LGD),"Ministry of Panchayati Raj, Government of India",2026-10-07,All_Districtof_India_2026-10-07_17-55-02.xlsx,387ce8805f54b68baaeda1dbc40751927e8eb981f2b48548ffeaf833a6881d68,true
ka,29,Karnataka,527,Belagavi,1,555,Local Government Directory (LGD),"Ministry of Panchayati Raj, Government of India",2026-10-07,All_Districtof_India_2026-10-07_17-55-02.xlsx,387ce8805f54b68baaeda1dbc40751927e8eb981f2b48548ffeaf833a6881d68,true
ka,29,Karnataka,526,Bengaluru Rural,21,583,Local Government Directory (LGD),"Ministry of Panchayati Raj, Government of India",2026-10-07,All_Districtof_India_2026-10-07_17-55-02.xlsx,387ce8805f54b68baaeda1dbc40751927e8eb981f2b48548ffeaf833a6881d68,true
ka,29,Karnataka,631,Bengaluru South,21,584,Local Government Directory (LGD),"Ministry of Panchayati Raj, Government of India",2026-10-07,All_Districtof_India_2026-10-07_17-55-02.xlsx,387ce8805f54b68baaeda1dbc40751927e8eb981f2b48548ffeaf833a6881d68,true
ka,29,Karnataka,525,Bengaluru Urban,20,572,Local Government Directory (LGD),"Ministry of Panchayati Raj, Government of India",2026-10-07,All_Districtof_India_2026-10-07_17-55-02.xlsx,387ce8805f54b68baaeda1dbc40751927e8eb981f2b48548ffeaf833a6881d68,true
ka,29,Karnataka,529,Bidar,5,558,Local Government Directory (LGD),"Ministry of Panchayati Raj, Government of India",2026-10-07,All_Districtof_India_2026-10-07_17-55-02.xlsx,387ce8805f54b68baaeda1dbc40751927e8eb981f2b48548ffeaf833a6881d68,true
ka,29,Karnataka,531,Chamarajanagar,27,578,Local Government Directory (LGD),"Ministry of Panchayati Raj, Government of India",2026-10-07,All_Districtof_India_2026-10-07_17-55-02.xlsx,387ce8805f54b68baaeda1dbc40751927e8eb981f2b48548ffeaf833a6881d68,true
ka,29,Karnataka,630,Chikkaballapura,19,582,Local Government Directory (LGD),"Ministry of Panchayati Raj, Government of India",2026-10-07,All_Districtof_India_2026-10-07_17-55-02.xlsx,387ce8805f54b68baaeda1dbc40751927e8eb981f2b48548ffeaf833a6881d68,true
ka,29,Karnataka,532,Chikkamagaluru,17,570,Local Government Directory (LGD),"Ministry of Panchayati Raj, Government of India",2026-10-07,All_Districtof_India_2026-10-07_17-55-02.xlsx,387ce8805f54b68baaeda1dbc40751927e8eb981f2b48548ffeaf833a6881d68,true
ka,29,Karnataka,533,Chitradurga,13,566,Local Government Directory (LGD),"Ministry of Panchayati Raj, Government of India",2026-10-07,All_Districtof_India_2026-10-07_17-55-02.xlsx,387ce8805f54b68baaeda1dbc40751927e8eb981f2b48548ffeaf833a6881d68,true
ka,29,Karnataka,534,Dakshina Kannada,24,575,Local Government Directory (LGD),"Ministry of Panchayati Raj, Government of India",2026-10-07,All_Districtof_India_2026-10-07_17-55-02.xlsx,387ce8805f54b68baaeda1dbc40751927e8eb981f2b48548ffeaf833a6881d68,true
ka,29,Karnataka,535,Davanagere,14,567,Local Government Directory (LGD),"Ministry of Panchayati Raj, Government of India",2026-10-07,All_Districtof_India_2026-10-07_17-55-02.xlsx,387ce8805f54b68baaeda1dbc40751927e8eb981f2b48548ffeaf833a6881d68,true
ka,29,Karnataka,536,Dharwad,9,562,Local Government Directory (LGD),"Ministry of Panchayati Raj, Government of India",2026-10-07,All_Districtof_India_2026-10-07_17-55-02.xlsx,387ce8805f54b68baaeda1dbc40751927e8eb981f2b48548ffeaf833a6881d68,true
ka,29,Karnataka,537,Gadag,8,561,Local Government Directory (LGD),"Ministry of Panchayati Raj, Government of India",2026-10-07,All_Districtof_India_2026-10-07_17-55-02.xlsx,387ce8805f54b68baaeda1dbc40751927e8eb981f2b48548ffeaf833a6881d68,true
ka,29,Karnataka,539,Hassan,23,574,Local Government Directory (LGD),"Ministry of Panchayati Raj, Government of India",2026-10-07,All_Districtof_India_2026-10-07_17-55-02.xlsx,387ce8805f54b68baaeda1dbc40751927e8eb981f2b48548ffeaf833a6881d68,true
ka,29,Karnataka,540,Haveri,11,564,Local Government Directory (LGD),"Ministry of Panchayati Raj, Government of India",2026-10-07,All_Districtof_India_2026-10-07_17-55-02.xlsx,387ce8805f54b68baaeda1dbc40751927e8eb981f2b48548ffeaf833a6881d68,true
ka,29,Karnataka,538,Kalaburagi,4,579,Local Government Directory (LGD),"Ministry of Panchayati Raj, Government of India",2026-10-07,All_Districtof_India_2026-10-07_17-55-02.xlsx,387ce8805f54b68baaeda1dbc40751927e8eb981f2b48548ffeaf833a6881d68,true
ka,29,Karnataka,541,Kodagu,25,576,Local Government Directory (LGD),"Ministry of Panchayati Raj, Government of India",2026-10-07,All_Districtof_India_2026-10-07_17-55-02.xlsx,387ce8805f54b68baaeda1dbc40751927e8eb981f2b48548ffeaf833a6881d68,true
ka,29,Karnataka,542,Kolar,19,581,Local Government Directory (LGD),"Ministry of Panchayati Raj, Government of India",2026-10-07,All_Districtof_India_2026-10-07_17-55-02.xlsx,387ce8805f54b68baaeda1dbc40751927e8eb981f2b48548ffeaf833a6881d68,true
ka,29,Karnataka,543,Koppal,7,560,Local Government Directory (LGD),"Ministry of Panchayati Raj, Government of India",2026-10-07,All_Districtof_India_2026-10-07_17-55-02.xlsx,387ce8805f54b68baaeda1dbc40751927e8eb981f2b48548ffeaf833a6881d68,true
ka,29,Karnataka,544,Mandya,22,573,Local Government Directory (LGD),"Ministry of Panchayati Raj, Government of India",2026-10-07,All_Districtof_India_2026-10-07_17-55-02.xlsx,387ce8805f54b68baaeda1dbc40751927e8eb981f2b48548ffeaf833a6881d68,true
ka,29,Karnataka,545,Mysuru,26,577,Local Government Directory (LGD),"Ministry of Panchayati Raj, Government of India",2026-10-07,All_Districtof_India_2026-10-07_17-55-02.xlsx,387ce8805f54b68baaeda1dbc40751927e8eb981f2b48548ffeaf833a6881d68,true
ka,29,Karnataka,546,Raichur,6,559,Local Government Directory (LGD),"Ministry of Panchayati Raj, Government of India",2026-10-07,All_Districtof_India_2026-10-07_17-55-02.xlsx,387ce8805f54b68baaeda1dbc40751927e8eb981f2b48548ffeaf833a6881d68,true
ka,29,Karnataka,547,Shivamogga,15,568,Local Government Directory (LGD),"Ministry of Panchayati Raj, Government of India",2026-10-07,All_Districtof_India_2026-10-07_17-55-02.xlsx,387ce8805f54b68baaeda1dbc40751927e8eb981f2b48548ffeaf833a6881d68,true
ka,29,Karnataka,548,Tumakuru,18,571,Local Government Directory (LGD),"Ministry of Panchayati Raj, Government of India",2026-10-07,All_Districtof_India_2026-10-07_17-55-02.xlsx,387ce8805f54b68baaeda1dbc40751927e8eb981f2b48548ffeaf833a6881d68,true
ka,29,Karnataka,549,Udupi,16,569,Local Government Directory (LGD),"Ministry of Panchayati Raj, Government of India",2026-10-07,All_Districtof_India_2026-10-07_17-55-02.xlsx,387ce8805f54b68baaeda1dbc40751927e8eb981f2b48548ffeaf833a6881d68,true
ka,29,Karnataka,550,Uttara Kannada,10,563,Local Government Directory (LGD),"Ministry of Panchayati Raj, Government of India",2026-10-07,All_Districtof_India_2026-10-07_17-55-02.xlsx,387ce8805f54b68baaeda1dbc40751927e8eb981f2b48548ffeaf833a6881d68,true
ka,29,Karnataka,738,Vijayanagara,0,0,Local Government Directory (LGD),"Ministry of Panchayati Raj, Government of India",2026-10-07,All_Districtof_India_2026-10-07_17-55-02.xlsx,387ce8805f54b68baaeda1dbc40751927e8eb981f2b48548ffeaf833a6881d68,true
ka,29,Karnataka,530,Vijayapura,3,557,Local Government Directory (LGD),"Ministry of Panchayati Raj, Government of India",2026-10-07,All_Districtof_India_2026-10-07_17-55-02.xlsx,387ce8805f54b68baaeda1dbc40751927e8eb981f2b48548ffeaf833a6881d68,true
ka,29,Karnataka,635,Yadgir,4,580,Local Government Directory (LGD),"Ministry of Panchayati Raj, Government of India",2026-10-07,All_Districtof_India_2026-10-07_17-55-02.xlsx,387ce8805f54b68baaeda1dbc40751927e8eb981f2b48548ffeaf833a6881d68,true
kl,32,Kerala,554,Alappuzha,11,598,Local Government Directory (LGD),"Ministry of Panchayati Raj, Government of India",2026-10-07,All_Districtof_India_2026-10-07_17-55-02.xlsx,387ce8805f54b68baaeda1dbc40751927e8eb981f2b48548ffeaf833a6881d68,true
kl,32,Kerala,555,Ernakulam,8,595,Local Government Directory (LGD),"Ministry of Panchayati Raj, Government of India",2026-10-07,All_Districtof_India_2026-10-07_17-55-02.xlsx,387ce8805f54b68baaeda1dbc40751927e8eb981f2b48548ffeaf833a6881d68,true
kl,32,Kerala,556,Idukki,9,596,Local Government Directory (LGD),"Ministry of Panchayati Raj, Government of India",2026-10-07,All_Districtof_India_2026-10-07_17-55-02.xlsx,387ce8805f54b68baaeda1dbc40751927e8eb981f2b48548ffeaf833a6881d68,true
kl,32,Kerala,557,Kannur,2,589,Local Government Directory (LGD),"Ministry of Panchayati Raj, Government of India",2026-10-07,All_Districtof_India_2026-10-07_17-55-02.xlsx,387ce8805f54b68baaeda1dbc40751927e8eb981f2b48548ffeaf833a6881d68,true
kl,32,Kerala,558,Kasaragod,1,588,Local Government Directory (LGD),"Ministry of Panchayati Raj, Government of India",2026-10-07,All_Districtof_India_2026-10-07_17-55-02.xlsx,387ce8805f54b68baaeda1dbc40751927e8eb981f2b48548ffeaf833a6881d68,true
kl,32,Kerala,559,Kollam,13,600,Local Government Directory (LGD),"Ministry of Panchayati Raj, Government of India",2026-10-07,All_Districtof_India_2026-10-07_17-55-02.xlsx,387ce8805f54b68baaeda1dbc40751927e8eb981f2b48548ffeaf833a6881d68,true
kl,32,Kerala,560,Kottayam,10,597,Local Government Directory (LGD),"Ministry of Panchayati Raj, Government of India",2026-10-07,All_Districtof_India_2026-10-07_17-55-02.xlsx,387ce8805f54b68baaeda1dbc40751927e8eb981f2b48548ffeaf833a6881d68,true
kl,32,Kerala,561,Kozhikode,4,591,Local Government Directory (LGD),"Ministry of Panchayati Raj, Government of India",2026-10-07,All_Districtof_India_2026-10-07_17-55-02.xlsx,387ce8805f54b68baaeda1dbc40751927e8eb981f2b48548ffeaf833a6881d68,true
kl,32,Kerala,562,Malappuram,5,592,Local Government Directory (LGD),"Ministry of Panchayati Raj, Government of India",2026-10-07,All_Districtof_India_2026-10-07_17-55-02.xlsx,387ce8805f54b68baaeda1dbc40751927e8eb981f2b48548ffeaf833a6881d68,true
kl,32,Kerala,563,Palakkad,6,593,Local Government Directory (LGD),"Ministry of Panchayati Raj, Government of India",2026-10-07,All_Districtof_India_2026-10-07_17-55-02.xlsx,387ce8805f54b68baaeda1dbc40751927e8eb981f2b48548ffeaf833a6881d68,true
kl,32,Kerala,564,Pathanamthitta,12,599,Local Government Directory (LGD),"Ministry of Panchayati Raj, Government of India",2026-10-07,All_Districtof_India_2026-10-07_17-55-02.xlsx,387ce8805f54b68baaeda1dbc40751927e8eb981f2b48548ffeaf833a6881d68,true
kl,32,Kerala,565,Thiruvananthapuram,14,601,Local Government Directory (LGD),"Ministry of Panchayati Raj, Government of India",2026-10-07,All_Districtof_India_2026-10-07_17-55-02.xlsx,387ce8805f54b68baaeda1dbc40751927e8eb981f2b48548ffeaf833a6881d68,true
kl,32,Kerala,566,Thrissur,7,594,Local Government Directory (LGD),"Ministry of Panchayati Raj, Government of India",2026-10-07,All_Districtof_India_2026-10-07_17-55-02.xlsx,387ce8805f54b68baaeda1dbc40751927e8eb981f2b48548ffeaf833a6881d68,true
kl,32,Kerala,567,Wayanad,3,590,Local Government Directory (LGD),"Ministry of Panchayati Raj, Government of India",2026-10-07,All_Districtof_India_2026-10-07_17-55-02.xlsx,387ce8805f54b68baaeda1dbc40751927e8eb981f2b48548ffeaf833a6881d68,true
la,37,Ladakh,6,Kargil,8,4,Local Government Directory (LGD),"Ministry of Panchayati Raj, Government of India",2026-10-07,All_Districtof_India_2026-10-07_17-55-02.xlsx,387ce8805f54b68baaeda1dbc40751927e8eb981f2b48548ffeaf833a6881d68,true
la,37,Ladakh,9,Leh Ladakh,7,3,Local Government Directory (LGD),"Ministry of Panchayati Raj, Government of India",2026-10-07,All_Districtof_India_2026-10-07_17-55-02.xlsx,387ce8805f54b68baaeda1dbc40751927e8eb981f2b48548ffeaf833a6881d68,true
ld,31,Lakshadweep,553,Lakshadweep District,1,587,Local Government Directory (LGD),"Ministry of Panchayati Raj, Government of India",2026-10-07,All_Districtof_India_2026-10-07_17-55-02.xlsx,387ce8805f54b68baaeda1dbc40751927e8eb981f2b48548ffeaf833a6881d68,true
mp,23,Madhya Pradesh,667,Agar-Malwa,0,0,Local Government Directory (LGD),"Ministry of Panchayati Raj, Government of India",2026-10-07,All_Districtof_India_2026-10-07_17-55-02.xlsx,387ce8805f54b68baaeda1dbc40751927e8eb981f2b48548ffeaf833a6881d68,true
mp,23,Madhya Pradesh,639,Alirajpur,24,465,Local Government Directory (LGD),"Ministry of Panchayati Raj, Government of India",2026-10-07,All_Districtof_India_2026-10-07_17-55-02.xlsx,387ce8805f54b68baaeda1dbc40751927e8eb981f2b48548ffeaf833a6881d68,true
mp,23,Madhya Pradesh,390,Anuppur,16,461,Local Government Directory (LGD),"Ministry of Panchayati Raj, Government of India",2026-10-07,All_Districtof_India_2026-10-07_17-55-02.xlsx,387ce8805f54b68baaeda1dbc40751927e8eb981f2b48548ffeaf833a6881d68,true
mp,23,Madhya Pradesh,391,Ashoknagar,46,459,Local Government Directory (LGD),"Ministry of Panchayati Raj, Government of India",2026-10-07,All_Districtof_India_2026-10-07_17-55-02.xlsx,387ce8805f54b68baaeda1dbc40751927e8eb981f2b48548ffeaf833a6881d68,true
mp,23,Madhya Pradesh,392,Balaghat,45,457,Local Government Directory (LGD),"Ministry of Panchayati Raj, Government of India",2026-10-07,All_Districtof_India_2026-10-07_17-55-02.xlsx,387ce8805f54b68baaeda1dbc40751927e8eb981f2b48548ffeaf833a6881d68,true
mp,23,Madhya Pradesh,393,Barwani,28,441,Local Government Directory (LGD),"Ministry of Panchayati Raj, Government of India",2026-10-07,All_Districtof_India_2026-10-07_17-55-02.xlsx,387ce8805f54b68baaeda1dbc40751927e8eb981f2b48548ffeaf833a6881d68,true
mp,23,Madhya Pradesh,394,Betul,35,447,Local Government Directory (LGD),"Ministry of Panchayati Raj, Government of India",2026-10-07,All_Districtof_India_2026-10-07_17-55-02.xlsx,387ce8805f54b68baaeda1dbc40751927e8eb981f2b48548ffeaf833a6881d68,true
mp,23,Madhya Pradesh,395,Bhind,3,420,Local Government Directory (LGD),"Ministry of Panchayati Raj, Government of India",2026-10-07,All_Districtof_India_2026-10-07_17-55-02.xlsx,387ce8805f54b68baaeda1dbc40751927e8eb981f2b48548ffeaf833a6881d68,true
mp,23,Madhya Pradesh,396,Bhopal,32,444,Local Government Directory (LGD),"Ministry of Panchayati Raj, Government of India",2026-10-07,All_Districtof_India_2026-10-07_17-55-02.xlsx,387ce8805f54b68baaeda1dbc40751927e8eb981f2b48548ffeaf833a6881d68,true
mp,23,Madhya Pradesh,397,Burhanpur,29,467,Local Government Directory (LGD),"Ministry of Panchayati Raj, Government of India",2026-10-07,All_Districtof_India_2026-10-07_17-55-02.xlsx,387ce8805f54b68baaeda1dbc40751927e8eb981f2b48548ffeaf833a6881d68,true
mp,23,Madhya Pradesh,398,Chhatarpur,9,425,Local Government Directory (LGD),"Ministry of Panchayati Raj, Government of India",2026-10-07,All_Districtof_India_2026-10-07_17-55-02.xlsx,387ce8805f54b68baaeda1dbc40751927e8eb981f2b48548ffeaf833a6881d68,true
mp,23,Madhya Pradesh,399,Chhindwara,43,455,Local Government Directory (LGD),"Ministry of Panchayati Raj, Government of India",2026-10-07,All_Districtof_India_2026-10-07_17-55-02.xlsx,387ce8805f54b68baaeda1dbc40751927e8eb981f2b48548ffeaf833a6881d68,true
mp,23,Madhya Pradesh,400,Damoh,12,428,Local Government Directory (LGD),"Ministry of Panchayati Raj, Government of India",2026-10-07,All_Districtof_India_2026-10-07_17-55-02.xlsx,387ce8805f54b68baaeda1dbc40751927e8eb981f2b48548ffeaf833a6881d68,true
mp,23,Madhya Pradesh,401,Datia,5,422,Local Government Directory (LGD),"Ministry of Panchayati Raj, Government of India",2026-10-07,All_Districtof_India_2026-10-07_17-55-02.xlsx,387ce8805f54b68baaeda1dbc40751927e8eb981f2b48548ffeaf833a6881d68,true
mp,23,Madhya Pradesh,402,Dewas,23,437,Local Government Directory (LGD),"Ministry of Panchayati Raj, Government of India",2026-10-07,All_Districtof_India_2026-10-07_17-55-02.xlsx,387ce8805f54b68baaeda1dbc40751927e8eb981f2b48548ffeaf833a6881d68,true
mp,23,Madhya Pradesh,403,Dhar,25,438,Local Government Directory (LGD),"Ministry of Panchayati Raj, Government of India",2026-10-07,All_Districtof_India_2026-10-07_17-55-02.xlsx,387ce8805f54b68baaeda1dbc40751927e8eb981f2b48548ffeaf833a6881d68,true
mp,23,Madhya Pradesh,404,Dindori,41,453,Local Government Directory (LGD),"Ministry of Panchayati Raj, Government of India",2026-10-07,All_Districtof_India_2026-10-07_17-55-02.xlsx,387ce8805f54b68baaeda1dbc40751927e8eb981f2b48548ffeaf833a6881d68,true
mp,23,Madhya Pradesh,406,Guna,7,458,Local Government Directory (LGD),"Ministry of Panchayati Raj, Government of India",2026-10-07,All_Districtof_India_2026-10-07_17-55-02.xlsx,387ce8805f54b68baaeda1dbc40751927e8eb981f2b48548ffeaf833a6881d68,true
mp,23,Madhya Pradesh,407,Gwalior,4,421,Local Government Directory (LGD),"Ministry of Panchayati Raj, Government of India",2026-10-07,All_Districtof_India_2026-10-07_17-55-02.xlsx,387ce8805f54b68baaeda1dbc40751927e8eb981f2b48548ffeaf833a6881d68,true
mp,23,Madhya Pradesh,408,Harda,36,448,Local Government Directory (LGD),"Ministry of Panchayati Raj, Government of India",2026-10-07,All_Districtof_India_2026-10-07_17-55-02.xlsx,387ce8805f54b68baaeda1dbc40751927e8eb981f2b48548ffeaf833a6881d68,true
mp,23,Madhya Pradesh,410,Indore,26,439,Local Government Directory (LGD),"Ministry of Panchayati Raj, Government of India",2026-10-07,All_Districtof_India_2026-10-07_17-55-02.xlsx,387ce8805f54b68baaeda1dbc40751927e8eb981f2b48548ffeaf833a6881d68,true
mp,23,Madhya Pradesh,411,Jabalpur,39,451,Local Government Directory (LGD),"Ministry of Panchayati Raj, Government of India",2026-10-07,All_Districtof_India_2026-10-07_17-55-02.xlsx,387ce8805f54b68baaeda1dbc40751927e8eb981f2b48548ffeaf833a6881d68,true
mp,23,Madhya Pradesh,412,Jhabua,24,464,Local Government Directory (LGD),"Ministry of Panchayati Raj, Government of India",2026-10-07,All_Districtof_India_2026-10-07_17-55-02.xlsx,387ce8805f54b68baaeda1dbc40751927e8eb981f2b48548ffeaf833a6881d68,true
mp,23,Madhya Pradesh,413,Katni,38,450,Local Government Directory (LGD),"Ministry of Panchayati Raj, Government of India",2026-10-07,All_Districtof_India_2026-10-07_17-55-02.xlsx,387ce8805f54b68baaeda1dbc40751927e8eb981f2b48548ffeaf833a6881d68,true
mp,23,Madhya Pradesh,405,Khandwa (East Nimar),29,466,Local Government Directory (LGD),"Ministry of Panchayati Raj, Government of India",2026-10-07,All_Districtof_India_2026-10-07_17-55-02.xlsx,387ce8805f54b68baaeda1dbc40751927e8eb981f2b48548ffeaf833a6881d68,true
mp,23,Madhya Pradesh,414,Khargone (West Nimar),27,440,Local Government Directory (LGD),"Ministry of Panchayati Raj, Government of India",2026-10-07,All_Districtof_India_2026-10-07_17-55-02.xlsx,387ce8805f54b68baaeda1dbc40751927e8eb981f2b48548ffeaf833a6881d68,true
mp,23,Madhya Pradesh,784,Maihar,0,0,Local Government Directory (LGD),"Ministry of Panchayati Raj, Government of India",2026-10-07,All_Districtof_India_2026-10-07_17-55-02.xlsx,387ce8805f54b68baaeda1dbc40751927e8eb981f2b48548ffeaf833a6881d68,true
mp,23,Madhya Pradesh,415,Mandla,42,454,Local Government Directory (LGD),"Ministry of Panchayati Raj, Government of India",2026-10-07,All_Districtof_India_2026-10-07_17-55-02.xlsx,387ce8805f54b68baaeda1dbc40751927e8eb981f2b48548ffeaf833a6881d68,true
mp,23,Madhya Pradesh,416,Mandsaur,19,433,Local Government Directory (LGD),"Ministry of Panchayati Raj, Government of India",2026-10-07,All_Districtof_India_2026-10-07_17-55-02.xlsx,387ce8805f54b68baaeda1dbc40751927e8eb981f2b48548ffeaf833a6881d68,true
mp,23,Madhya Pradesh,766,MAUGANJ,0,0,Local Government Directory (LGD),"Ministry of Panchayati Raj, Government of India",2026-10-07,All_Districtof_India_2026-10-07_17-55-02.xlsx,387ce8805f54b68baaeda1dbc40751927e8eb981f2b48548ffeaf833a6881d68,true
mp,23,Madhya Pradesh,417,Morena,2,419,Local Government Directory (LGD),"Ministry of Panchayati Raj, Government of India",2026-10-07,All_Districtof_India_2026-10-07_17-55-02.xlsx,387ce8805f54b68baaeda1dbc40751927e8eb981f2b48548ffeaf833a6881d68,true
mp,23,Madhya Pradesh,409,Narmadapuram,37,449,Local Government Directory (LGD),"Ministry of Panchayati Raj, Government of India",2026-10-07,All_Districtof_India_2026-10-07_17-55-02.xlsx,387ce8805f54b68baaeda1dbc40751927e8eb981f2b48548ffeaf833a6881d68,true
mp,23,Madhya Pradesh,418,Narsimhapur,40,452,Local Government Directory (LGD),"Ministry of Panchayati Raj, Government of India",2026-10-07,All_Districtof_India_2026-10-07_17-55-02.xlsx,387ce8805f54b68baaeda1dbc40751927e8eb981f2b48548ffeaf833a6881d68,true
mp,23,Madhya Pradesh,419,Neemuch,18,432,Local Government Directory (LGD),"Ministry of Panchayati Raj, Government of India",2026-10-07,All_Districtof_India_2026-10-07_17-55-02.xlsx,387ce8805f54b68baaeda1dbc40751927e8eb981f2b48548ffeaf833a6881d68,true
mp,23,Madhya Pradesh,722,Niwari,0,0,Local Government Directory (LGD),"Ministry of Panchayati Raj, Government of India",2026-10-07,All_Districtof_India_2026-10-07_17-55-02.xlsx,387ce8805f54b68baaeda1dbc40751927e8eb981f2b48548ffeaf833a6881d68,true
mp,23,Madhya Pradesh,785,Pandhurna,0,0,Local Government Directory (LGD),"Ministry of Panchayati Raj, Government of India",2026-10-07,All_Districtof_India_2026-10-07_17-55-02.xlsx,387ce8805f54b68baaeda1dbc40751927e8eb981f2b48548ffeaf833a6881d68,true
mp,23,Madhya Pradesh,420,Panna,10,426,Local Government Directory (LGD),"Ministry of Panchayati Raj, Government of India",2026-10-07,All_Districtof_India_2026-10-07_17-55-02.xlsx,387ce8805f54b68baaeda1dbc40751927e8eb981f2b48548ffeaf833a6881d68,true
mp,23,Madhya Pradesh,421,Raisen,34,446,Local Government Directory (LGD),"Ministry of Panchayati Raj, Government of India",2026-10-07,All_Districtof_India_2026-10-07_17-55-02.xlsx,387ce8805f54b68baaeda1dbc40751927e8eb981f2b48548ffeaf833a6881d68,true
mp,23,Madhya Pradesh,422,Rajgarh,30,442,Local Government Directory (LGD),"Ministry of Panchayati Raj, Government of India",2026-10-07,All_Districtof_India_2026-10-07_17-55-02.xlsx,387ce8805f54b68baaeda1dbc40751927e8eb981f2b48548ffeaf833a6881d68,true
mp,23,Madhya Pradesh,423,Ratlam,20,434,Local Government Directory (LGD),"Ministry of Panchayati Raj, Government of India",2026-10-07,All_Districtof_India_2026-10-07_17-55-02.xlsx,387ce8805f54b68baaeda1dbc40751927e8eb981f2b48548ffeaf833a6881d68,true
mp,23,Madhya Pradesh,424,Rewa,14,430,Local Government Directory (LGD),"Ministry of Panchayati Raj, Government of India",2026-10-07,All_Districtof_India_2026-10-07_17-55-02.xlsx,387ce8805f54b68baaeda1dbc40751927e8eb981f2b48548ffeaf833a6881d68,true
mp,23,Madhya Pradesh,425,Sagar,11,427,Local Government Directory (LGD),"Ministry of Panchayati Raj, Government of India",2026-10-07,All_Districtof_India_2026-10-07_17-55-02.xlsx,387ce8805f54b68baaeda1dbc40751927e8eb981f2b48548ffeaf833a6881d68,true
mp,23,Madhya Pradesh,426,Satna,13,429,Local Government Directory (LGD),"Ministry of Panchayati Raj, Government of India",2026-10-07,All_Districtof_India_2026-10-07_17-55-02.xlsx,387ce8805f54b68baaeda1dbc40751927e8eb981f2b48548ffeaf833a6881d68,true
mp,23,Madhya Pradesh,427,Sehore,33,445,Local Government Directory (LGD),"Ministry of Panchayati Raj, Government of India",2026-10-07,All_Districtof_India_2026-10-07_17-55-02.xlsx,387ce8805f54b68baaeda1dbc40751927e8eb981f2b48548ffeaf833a6881d68,true
mp,23,Madhya Pradesh,428,Seoni,44,456,Local Government Directory (LGD),"Ministry of Panchayati Raj, Government of India",2026-10-07,All_Districtof_India_2026-10-07_17-55-02.xlsx,387ce8805f54b68baaeda1dbc40751927e8eb981f2b48548ffeaf833a6881d68,true
mp,23,Madhya Pradesh,429,Shahdol,16,460,Local Government Directory (LGD),"Ministry of Panchayati Raj, Government of India",2026-10-07,All_Districtof_India_2026-10-07_17-55-02.xlsx,387ce8805f54b68baaeda1dbc40751927e8eb981f2b48548ffeaf833a6881d68,true
mp,23,Madhya Pradesh,430,Shajapur,22,436,Local Government Directory (LGD),"Ministry of Panchayati Raj, Government of India",2026-10-07,All_Districtof_India_2026-10-07_17-55-02.xlsx,387ce8805f54b68baaeda1dbc40751927e8eb981f2b48548ffeaf833a6881d68,true
mp,23,Madhya Pradesh,431,Sheopur,1,418,Local Government Directory (LGD),"Ministry of Panchayati Raj, Government of India",2026-10-07,All_Districtof_India_2026-10-07_17-55-02.xlsx,387ce8805f54b68baaeda1dbc40751927e8eb981f2b48548ffeaf833a6881d68,true
mp,23,Madhya Pradesh,432,Shivpuri,6,423,Local Government Directory (LGD),"Ministry of Panchayati Raj, Government of India",2026-10-07,All_Districtof_India_2026-10-07_17-55-02.xlsx,387ce8805f54b68baaeda1dbc40751927e8eb981f2b48548ffeaf833a6881d68,true
mp,23,Madhya Pradesh,433,Sidhi,17,462,Local Government Directory (LGD),"Ministry of Panchayati Raj, Government of India",2026-10-07,All_Districtof_India_2026-10-07_17-55-02.xlsx,387ce8805f54b68baaeda1dbc40751927e8eb981f2b48548ffeaf833a6881d68,true
mp,23,Madhya Pradesh,638,Singrauli,0,463,Local Government Directory (LGD),"Ministry of Panchayati Raj, Government of India",2026-10-07,All_Districtof_India_2026-10-07_17-55-02.xlsx,387ce8805f54b68baaeda1dbc40751927e8eb981f2b48548ffeaf833a6881d68,true
mp,23,Madhya Pradesh,434,Tikamgarh,8,424,Local Government Directory (LGD),"Ministry of Panchayati Raj, Government of India",2026-10-07,All_Districtof_India_2026-10-07_17-55-02.xlsx,387ce8805f54b68baaeda1dbc40751927e8eb981f2b48548ffeaf833a6881d68,true
mp,23,Madhya Pradesh,435,Ujjain,21,435,Local Government Directory (LGD),"Ministry of Panchayati Raj, Government of India",2026-10-07,All_Districtof_India_2026-10-07_17-55-02.xlsx,387ce8805f54b68baaeda1dbc40751927e8eb981f2b48548ffeaf833a6881d68,true
mp,23,Madhya Pradesh,436,Umaria,15,431,Local Government Directory (LGD),"Ministry of Panchayati Raj, Government of India",2026-10-07,All_Districtof_India_2026-10-07_17-55-02.xlsx,387ce8805f54b68baaeda1dbc40751927e8eb981f2b48548ffeaf833a6881d68,true
mp,23,Madhya Pradesh,437,Vidisha,31,443,Local Government Directory (LGD),"Ministry of Panchayati Raj, Government of India",2026-10-07,All_Districtof_India_2026-10-07_17-55-02.xlsx,387ce8805f54b68baaeda1dbc40751927e8eb981f2b48548ffeaf833a6881d68,true
mh,27,Maharashtra,466,Ahilyanagar,26,522,Local Government Directory (LGD),"Ministry of Panchayati Raj, Government of India",2026-10-07,All_Districtof_India_2026-10-07_17-55-02.xlsx,387ce8805f54b68baaeda1dbc40751927e8eb981f2b48548ffeaf833a6881d68,true
mh,27,Maharashtra,467,Akola,5,501,Local Government Directory (LGD),"Ministry of Panchayati Raj, Government of India",2026-10-07,All_Districtof_India_2026-10-07_17-55-02.xlsx,387ce8805f54b68baaeda1dbc40751927e8eb981f2b48548ffeaf833a6881d68,true
mh,27,Maharashtra,468,Amravati,7,503,Local Government Directory (LGD),"Ministry of Panchayati Raj, Government of India",2026-10-07,All_Districtof_India_2026-10-07_17-55-02.xlsx,387ce8805f54b68baaeda1dbc40751927e8eb981f2b48548ffeaf833a6881d68,true
mh,27,Maharashtra,470,Beed,27,523,Local Government Directory (LGD),"Ministry of Panchayati Raj, Government of India",2026-10-07,All_Districtof_India_2026-10-07_17-55-02.xlsx,387ce8805f54b68baaeda1dbc40751927e8eb981f2b48548ffeaf833a6881d68,true
mh,27,Maharashtra,471,Bhandara,10,506,Local Government Directory (LGD),"Ministry of Panchayati Raj, Government of India",2026-10-07,All_Districtof_India_2026-10-07_17-55-02.xlsx,387ce8805f54b68baaeda1dbc40751927e8eb981f2b48548ffeaf833a6881d68,true
mh,27,Maharashtra,472,Buldhana,4,500,Local Government Directory (LGD),"Ministry of Panchayati Raj, Government of India",2026-10-07,All_Districtof_India_2026-10-07_17-55-02.xlsx,387ce8805f54b68baaeda1dbc40751927e8eb981f2b48548ffeaf833a6881d68,true
mh,27,Maharashtra,473,Chandrapur,13,509,Local Government Directory (LGD),"Ministry of Panchayati Raj, Government of India",2026-10-07,All_Districtof_India_2026-10-07_17-55-02.xlsx,387ce8805f54b68baaeda1dbc40751927e8eb981f2b48548ffeaf833a6881d68,true
mh,27,Maharashtra,469,Chhatrapati Sambhajinagar,19,515,Local Government Directory (LGD),"Ministry of Panchayati Raj, Government of India",2026-10-07,All_Districtof_India_2026-10-07_17-55-02.xlsx,387ce8805f54b68baaeda1dbc40751927e8eb981f2b48548ffeaf833a6881d68,true
mh,27,Maharashtra,488,Dharashiv,29,525,Local Government Directory (LGD),"Ministry of Panchayati Raj, Government of India",2026-10-07,All_Districtof_India_2026-10-07_17-55-02.xlsx,387ce8805f54b68baaeda1dbc40751927e8eb981f2b48548ffeaf833a6881d68,true
mh,27,Maharashtra,474,Dhule,2,498,Local Government Directory (LGD),"Ministry of Panchayati Raj, Government of India",2026-10-07,All_Districtof_India_2026-10-07_17-55-02.xlsx,387ce8805f54b68baaeda1dbc40751927e8eb981f2b48548ffeaf833a6881d68,true
mh,27,Maharashtra,475,Gadchiroli,12,508,Local Government Directory (LGD),"Ministry of Panchayati Raj, Government of India",2026-10-07,All_Districtof_India_2026-10-07_17-55-02.xlsx,387ce8805f54b68baaeda1dbc40751927e8eb981f2b48548ffeaf833a6881d68,true
mh,27,Maharashtra,476,Gondia,11,507,Local Government Directory (LGD),"Ministry of Panchayati Raj, Government of India",2026-10-07,All_Districtof_India_2026-10-07_17-55-02.xlsx,387ce8805f54b68baaeda1dbc40751927e8eb981f2b48548ffeaf833a6881d68,true
mh,27,Maharashtra,477,Hingoli,16,512,Local Government Directory (LGD),"Ministry of Panchayati Raj, Government of India",2026-10-07,All_Districtof_India_2026-10-07_17-55-02.xlsx,387ce8805f54b68baaeda1dbc40751927e8eb981f2b48548ffeaf833a6881d68,true
mh,27,Maharashtra,478,Jalgaon,3,499,Local Government Directory (LGD),"Ministry of Panchayati Raj, Government of India",2026-10-07,All_Districtof_India_2026-10-07_17-55-02.xlsx,387ce8805f54b68baaeda1dbc40751927e8eb981f2b48548ffeaf833a6881d68,true
mh,27,Maharashtra,479,Jalna,18,514,Local Government Directory (LGD),"Ministry of Panchayati Raj, Government of India",2026-10-07,All_Districtof_India_2026-10-07_17-55-02.xlsx,387ce8805f54b68baaeda1dbc40751927e8eb981f2b48548ffeaf833a6881d68,true
mh,27,Maharashtra,480,Kolhapur,34,530,Local Government Directory (LGD),"Ministry of Panchayati Raj, Government of India",2026-10-07,All_Districtof_India_2026-10-07_17-55-02.xlsx,387ce8805f54b68baaeda1dbc40751927e8eb981f2b48548ffeaf833a6881d68,true
mh,27,Maharashtra,481,Latur,28,524,Local Government Directory (LGD),"Ministry of Panchayati Raj, Government of India",2026-10-07,All_Districtof_India_2026-10-07_17-55-02.xlsx,387ce8805f54b68baaeda1dbc40751927e8eb981f2b48548ffeaf833a6881d68,true
mh,27,Maharashtra,482,Mumbai,23,519,Local Government Directory (LGD),"Ministry of Panchayati Raj, Government of India",2026-10-07,All_Districtof_India_2026-10-07_17-55-02.xlsx,387ce8805f54b68baaeda1dbc40751927e8eb981f2b48548ffeaf833a6881d68,true
mh,27,Maharashtra,483,Mumbai Suburban,22,518,Local Government Directory (LGD),"Ministry of Panchayati Raj, Government of India",2026-10-07,All_Districtof_India_2026-10-07_17-55-02.xlsx,387ce8805f54b68baaeda1dbc40751927e8eb981f2b48548ffeaf833a6881d68,true
mh,27,Maharashtra,484,Nagpur,9,505,Local Government Directory (LGD),"Ministry of Panchayati Raj, Government of India",2026-10-07,All_Districtof_India_2026-10-07_17-55-02.xlsx,387ce8805f54b68baaeda1dbc40751927e8eb981f2b48548ffeaf833a6881d68,true
mh,27,Maharashtra,485,Nanded,15,511,Local Government Directory (LGD),"Ministry of Panchayati Raj, Government of India",2026-10-07,All_Districtof_India_2026-10-07_17-55-02.xlsx,387ce8805f54b68baaeda1dbc40751927e8eb981f2b48548ffeaf833a6881d68,true
mh,27,Maharashtra,486,Nandurbar,1,497,Local Government Directory (LGD),"Ministry of Panchayati Raj, Government of India",2026-10-07,All_Districtof_India_2026-10-07_17-55-02.xlsx,387ce8805f54b68baaeda1dbc40751927e8eb981f2b48548ffeaf833a6881d68,true
mh,27,Maharashtra,487,Nashik,20,516,Local Government Directory (LGD),"Ministry of Panchayati Raj, Government of India",2026-10-07,All_Districtof_India_2026-10-07_17-55-02.xlsx,387ce8805f54b68baaeda1dbc40751927e8eb981f2b48548ffeaf833a6881d68,true
mh,27,Maharashtra,665,Palghar,0,0,Local Government Directory (LGD),"Ministry of Panchayati Raj, Government of India",2026-10-07,All_Districtof_India_2026-10-07_17-55-02.xlsx,387ce8805f54b68baaeda1dbc40751927e8eb981f2b48548ffeaf833a6881d68,true
mh,27,Maharashtra,489,Parbhani,17,513,Local Government Directory (LGD),"Ministry of Panchayati Raj, Government of India",2026-10-07,All_Districtof_India_2026-10-07_17-55-02.xlsx,387ce8805f54b68baaeda1dbc40751927e8eb981f2b48548ffeaf833a6881d68,true
mh,27,Maharashtra,490,Pune,25,521,Local Government Directory (LGD),"Ministry of Panchayati Raj, Government of India",2026-10-07,All_Districtof_India_2026-10-07_17-55-02.xlsx,387ce8805f54b68baaeda1dbc40751927e8eb981f2b48548ffeaf833a6881d68,true
mh,27,Maharashtra,491,Raigad,24,520,Local Government Directory (LGD),"Ministry of Panchayati Raj, Government of India",2026-10-07,All_Districtof_India_2026-10-07_17-55-02.xlsx,387ce8805f54b68baaeda1dbc40751927e8eb981f2b48548ffeaf833a6881d68,true
mh,27,Maharashtra,492,Ratnagiri,32,528,Local Government Directory (LGD),"Ministry of Panchayati Raj, Government of India",2026-10-07,All_Districtof_India_2026-10-07_17-55-02.xlsx,387ce8805f54b68baaeda1dbc40751927e8eb981f2b48548ffeaf833a6881d68,true
mh,27,Maharashtra,493,Sangli,35,531,Local Government Directory (LGD),"Ministry of Panchayati Raj, Government of India",2026-10-07,All_Districtof_India_2026-10-07_17-55-02.xlsx,387ce8805f54b68baaeda1dbc40751927e8eb981f2b48548ffeaf833a6881d68,true
mh,27,Maharashtra,494,Satara,31,527,Local Government Directory (LGD),"Ministry of Panchayati Raj, Government of India",2026-10-07,All_Districtof_India_2026-10-07_17-55-02.xlsx,387ce8805f54b68baaeda1dbc40751927e8eb981f2b48548ffeaf833a6881d68,true
mh,27,Maharashtra,495,Sindhudurg,33,529,Local Government Directory (LGD),"Ministry of Panchayati Raj, Government of India",2026-10-07,All_Districtof_India_2026-10-07_17-55-02.xlsx,387ce8805f54b68baaeda1dbc40751927e8eb981f2b48548ffeaf833a6881d68,true
mh,27,Maharashtra,496,Solapur,30,526,Local Government Directory (LGD),"Ministry of Panchayati Raj, Government of India",2026-10-07,All_Districtof_India_2026-10-07_17-55-02.xlsx,387ce8805f54b68baaeda1dbc40751927e8eb981f2b48548ffeaf833a6881d68,true
mh,27,Maharashtra,497,Thane,21,517,Local Government Directory (LGD),"Ministry of Panchayati Raj, Government of India",2026-10-07,All_Districtof_India_2026-10-07_17-55-02.xlsx,387ce8805f54b68baaeda1dbc40751927e8eb981f2b48548ffeaf833a6881d68,true
mh,27,Maharashtra,498,Wardha,8,504,Local Government Directory (LGD),"Ministry of Panchayati Raj, Government of India",2026-10-07,All_Districtof_India_2026-10-07_17-55-02.xlsx,387ce8805f54b68baaeda1dbc40751927e8eb981f2b48548ffeaf833a6881d68,true
mh,27,Maharashtra,499,Washim,6,502,Local Government Directory (LGD),"Ministry of Panchayati Raj, Government of India",2026-10-07,All_Districtof_India_2026-10-07_17-55-02.xlsx,387ce8805f54b68baaeda1dbc40751927e8eb981f2b48548ffeaf833a6881d68,true
mh,27,Maharashtra,500,Yavatmal,14,510,Local Government Directory (LGD),"Ministry of Panchayati Raj, Government of India",2026-10-07,All_Districtof_India_2026-10-07_17-55-02.xlsx,387ce8805f54b68baaeda1dbc40751927e8eb981f2b48548ffeaf833a6881d68,true
mn,14,Manipur,252,Bishnupur,4,275,Local Government Directory (LGD),"Ministry of Panchayati Raj, Government of India",2026-10-07,All_Districtof_India_2026-10-07_17-55-02.xlsx,387ce8805f54b68baaeda1dbc40751927e8eb981f2b48548ffeaf833a6881d68,true
mn,14,Manipur,253,Chandel,9,280,Local Government Directory (LGD),"Ministry of Panchayati Raj, Government of India",2026-10-07,All_Districtof_India_2026-10-07_17-55-02.xlsx,387ce8805f54b68baaeda1dbc40751927e8eb981f2b48548ffeaf833a6881d68,true
mn,14,Manipur,254,Churachandpur,3,274,Local Government Directory (LGD),"Ministry of Panchayati Raj, Government of India",2026-10-07,All_Districtof_India_2026-10-07_17-55-02.xlsx,387ce8805f54b68baaeda1dbc40751927e8eb981f2b48548ffeaf833a6881d68,true
mn,14,Manipur,255,Imphal East,7,278,Local Government Directory (LGD),"Ministry of Panchayati Raj, Government of India",2026-10-07,All_Districtof_India_2026-10-07_17-55-02.xlsx,387ce8805f54b68baaeda1dbc40751927e8eb981f2b48548ffeaf833a6881d68,true
mn,14,Manipur,256,Imphal West,6,277,Local Government Directory (LGD),"Ministry of Panchayati Raj, Government of India",2026-10-07,All_Districtof_India_2026-10-07_17-55-02.xlsx,387ce8805f54b68baaeda1dbc40751927e8eb981f2b48548ffeaf833a6881d68,true
mn,14,Manipur,713,Jiribam,0,0,Local Government Directory (LGD),"Ministry of Panchayati Raj, Government of India",2026-10-07,All_Districtof_India_2026-10-07_17-55-02.xlsx,387ce8805f54b68baaeda1dbc40751927e8eb981f2b48548ffeaf833a6881d68,true
mn,14,Manipur,711,Kakching,0,0,Local Government Directory (LGD),"Ministry of Panchayati Raj, Government of India",2026-10-07,All_Districtof_India_2026-10-07_17-55-02.xlsx,387ce8805f54b68baaeda1dbc40751927e8eb981f2b48548ffeaf833a6881d68,true
mn,14,Manipur,717,Kamjong,0,0,Local Government Directory (LGD),"Ministry of Panchayati Raj, Government of India",2026-10-07,All_Districtof_India_2026-10-07_17-55-02.xlsx,387ce8805f54b68baaeda1dbc40751927e8eb981f2b48548ffeaf833a6881d68,true
mn,14,Manipur,712,Kangpokpi,0,0,Local Government Directory (LGD),"Ministry of Panchayati Raj, Government of India",2026-10-07,All_Districtof_India_2026-10-07_17-55-02.xlsx,387ce8805f54b68baaeda1dbc40751927e8eb981f2b48548ffeaf833a6881d68,true
mn,14,Manipur,714,Noney,0,0,Local Government Directory (LGD),"Ministry of Panchayati Raj, Government of India",2026-10-07,All_Districtof_India_2026-10-07_17-55-02.xlsx,387ce8805f54b68baaeda1dbc40751927e8eb981f2b48548ffeaf833a6881d68,true
mn,14,Manipur,715,Pherzawl,0,0,Local Government Directory (LGD),"Ministry of Panchayati Raj, Government of India",2026-10-07,All_Districtof_India_2026-10-07_17-55-02.xlsx,387ce8805f54b68baaeda1dbc40751927e8eb981f2b48548ffeaf833a6881d68,true
mn,14,Manipur,257,Senapati,1,272,Local Government Directory (LGD),"Ministry of Panchayati Raj, Government of India",2026-10-07,All_Districtof_India_2026-10-07_17-55-02.xlsx,387ce8805f54b68baaeda1dbc40751927e8eb981f2b48548ffeaf833a6881d68,true
mn,14,Manipur,258,Tamenglong,2,273,Local Government Directory (LGD),"Ministry of Panchayati Raj, Government of India",2026-10-07,All_Districtof_India_2026-10-07_17-55-02.xlsx,387ce8805f54b68baaeda1dbc40751927e8eb981f2b48548ffeaf833a6881d68,true
mn,14,Manipur,716,Tengnoupal,0,0,Local Government Directory (LGD),"Ministry of Panchayati Raj, Government of India",2026-10-07,All_Districtof_India_2026-10-07_17-55-02.xlsx,387ce8805f54b68baaeda1dbc40751927e8eb981f2b48548ffeaf833a6881d68,true
mn,14,Manipur,259,Thoubal,5,276,Local Government Directory (LGD),"Ministry of Panchayati Raj, Government of India",2026-10-07,All_Districtof_India_2026-10-07_17-55-02.xlsx,387ce8805f54b68baaeda1dbc40751927e8eb981f2b48548ffeaf833a6881d68,true
mn,14,Manipur,260,Ukhrul,8,279,Local Government Directory (LGD),"Ministry of Panchayati Raj, Government of India",2026-10-07,All_Districtof_India_2026-10-07_17-55-02.xlsx,387ce8805f54b68baaeda1dbc40751927e8eb981f2b48548ffeaf833a6881d68,true
ml,17,Meghalaya,740,Eastern West Khasi Hills,0,0,Local Government Directory (LGD),"Ministry of Panchayati Raj, Government of India",2026-10-07,All_Districtof_India_2026-10-07_17-55-02.xlsx,387ce8805f54b68baaeda1dbc40751927e8eb981f2b48548ffeaf833a6881d68,true
ml,17,Meghalaya,273,East Garo Hills,2,294,Local Government Directory (LGD),"Ministry of Panchayati Raj, Government of India",2026-10-07,All_Districtof_India_2026-10-07_17-55-02.xlsx,387ce8805f54b68baaeda1dbc40751927e8eb981f2b48548ffeaf833a6881d68,true
ml,17,Meghalaya,657,East Jaintia Hills,0,0,Local Government Directory (LGD),"Ministry of Panchayati Raj, Government of India",2026-10-07,All_Districtof_India_2026-10-07_17-55-02.xlsx,387ce8805f54b68baaeda1dbc40751927e8eb981f2b48548ffeaf833a6881d68,true
ml,17,Meghalaya,274,East Khasi Hills,6,298,Local Government Directory (LGD),"Ministry of Panchayati Raj, Government of India",2026-10-07,All_Districtof_India_2026-10-07_17-55-02.xlsx,387ce8805f54b68baaeda1dbc40751927e8eb981f2b48548ffeaf833a6881d68,true
ml,17,Meghalaya,656,North Garo Hills,0,0,Local Government Directory (LGD),"Ministry of Panchayati Raj, Government of India",2026-10-07,All_Districtof_India_2026-10-07_17-55-02.xlsx,387ce8805f54b68baaeda1dbc40751927e8eb981f2b48548ffeaf833a6881d68,true
ml,17,Meghalaya,276,Ri Bhoi,5,297,Local Government Directory (LGD),"Ministry of Panchayati Raj, Government of India",2026-10-07,All_Districtof_India_2026-10-07_17-55-02.xlsx,387ce8805f54b68baaeda1dbc40751927e8eb981f2b48548ffeaf833a6881d68,true
ml,17,Meghalaya,277,South Garo Hills,3,295,Local Government Directory (LGD),"Ministry of Panchayati Raj, Government of India",2026-10-07,All_Districtof_India_2026-10-07_17-55-02.xlsx,387ce8805f54b68baaeda1dbc40751927e8eb981f2b48548ffeaf833a6881d68,true
ml,17,Meghalaya,663,South West Garo Hills,0,0,Local Government Directory (LGD),"Ministry of Panchayati Raj, Government of India",2026-10-07,All_Districtof_India_2026-10-07_17-55-02.xlsx,387ce8805f54b68baaeda1dbc40751927e8eb981f2b48548ffeaf833a6881d68,true
ml,17,Meghalaya,658,South West Khasi Hills,0,0,Local Government Directory (LGD),"Ministry of Panchayati Raj, Government of India",2026-10-07,All_Districtof_India_2026-10-07_17-55-02.xlsx,387ce8805f54b68baaeda1dbc40751927e8eb981f2b48548ffeaf833a6881d68,true
ml,17,Meghalaya,278,West Garo Hills,1,293,Local Government Directory (LGD),"Ministry of Panchayati Raj, Government of India",2026-10-07,All_Districtof_India_2026-10-07_17-55-02.xlsx,387ce8805f54b68baaeda1dbc40751927e8eb981f2b48548ffeaf833a6881d68,true
ml,17,Meghalaya,275,West Jaintia Hills,7,299,Local Government Directory (LGD),"Ministry of Panchayati Raj, Government of India",2026-10-07,All_Districtof_India_2026-10-07_17-55-02.xlsx,387ce8805f54b68baaeda1dbc40751927e8eb981f2b48548ffeaf833a6881d68,true
ml,17,Meghalaya,279,West Khasi Hills,4,296,Local Government Directory (LGD),"Ministry of Panchayati Raj, Government of India",2026-10-07,All_Districtof_India_2026-10-07_17-55-02.xlsx,387ce8805f54b68baaeda1dbc40751927e8eb981f2b48548ffeaf833a6881d68,true
mz,15,Mizoram,261,Aizawl,3,283,Local Government Directory (LGD),"Ministry of Panchayati Raj, Government of India",2026-10-07,All_Districtof_India_2026-10-07_17-55-02.xlsx,387ce8805f54b68baaeda1dbc40751927e8eb981f2b48548ffeaf833a6881d68,true
mz,15,Mizoram,262,Champhai,4,284,Local Government Directory (LGD),"Ministry of Panchayati Raj, Government of India",2026-10-07,All_Districtof_India_2026-10-07_17-55-02.xlsx,387ce8805f54b68baaeda1dbc40751927e8eb981f2b48548ffeaf833a6881d68,true
mz,15,Mizoram,726,Hnahthial,0,0,Local Government Directory (LGD),"Ministry of Panchayati Raj, Government of India",2026-10-07,All_Districtof_India_2026-10-07_17-55-02.xlsx,387ce8805f54b68baaeda1dbc40751927e8eb981f2b48548ffeaf833a6881d68,true
mz,15,Mizoram,728,Khawzawl,0,0,Local Government Directory (LGD),"Ministry of Panchayati Raj, Government of India",2026-10-07,All_Districtof_India_2026-10-07_17-55-02.xlsx,387ce8805f54b68baaeda1dbc40751927e8eb981f2b48548ffeaf833a6881d68,true
mz,15,Mizoram,263,Kolasib,2,282,Local Government Directory (LGD),"Ministry of Panchayati Raj, Government of India",2026-10-07,All_Districtof_India_2026-10-07_17-55-02.xlsx,387ce8805f54b68baaeda1dbc40751927e8eb981f2b48548ffeaf833a6881d68,true
mz,15,Mizoram,264,Lawngtlai,7,287,Local Government Directory (LGD),"Ministry of Panchayati Raj, Government of India",2026-10-07,All_Districtof_India_2026-10-07_17-55-02.xlsx,387ce8805f54b68baaeda1dbc40751927e8eb981f2b48548ffeaf833a6881d68,true
mz,15,Mizoram,265,Lunglei,6,286,Local Government Directory (LGD),"Ministry of Panchayati Raj, Government of India",2026-10-07,All_Districtof_India_2026-10-07_17-55-02.xlsx,387ce8805f54b68baaeda1dbc40751927e8eb981f2b48548ffeaf833a6881d68,true
mz,15,Mizoram,266,Mamit,1,281,Local Government Directory (LGD),"Ministry of Panchayati Raj, Government of India",2026-10-07,All_Districtof_India_2026-10-07_17-55-02.xlsx,387ce8805f54b68baaeda1dbc40751927e8eb981f2b48548ffeaf833a6881d68,true
mz,15,Mizoram,727,Saitual,0,0,Local Government Directory (LGD),"Ministry of Panchayati Raj, Government of India",2026-10-07,All_Districtof_India_2026-10-07_17-55-02.xlsx,387ce8805f54b68baaeda1dbc40751927e8eb981f2b48548ffeaf833a6881d68,true
mz,15,Mizoram,268,Serchhip,5,285,Local Government Directory (LGD),"Ministry of Panchayati Raj, Government of India",2026-10-07,All_Districtof_India_2026-10-07_17-55-02.xlsx,387ce8805f54b68baaeda1dbc40751927e8eb981f2b48548ffeaf833a6881d68,true
mz,15,Mizoram,267,Siaha,8,288,Local Government Directory (LGD),"Ministry of Panchayati Raj, Government of India",2026-10-07,All_Districtof_India_2026-10-07_17-55-02.xlsx,387ce8805f54b68baaeda1dbc40751927e8eb981f2b48548ffeaf833a6881d68,true
nl,13,Nagaland,758,Chumoukedima,0,0,Local Government Directory (LGD),"Ministry of Panchayati Raj, Government of India",2026-10-07,All_Districtof_India_2026-10-07_17-55-02.xlsx,387ce8805f54b68baaeda1dbc40751927e8eb981f2b48548ffeaf833a6881d68,true
nl,13,Nagaland,244,Dimapur,6,265,Local Government Directory (LGD),"Ministry of Panchayati Raj, Government of India",2026-10-07,All_Districtof_India_2026-10-07_17-55-02.xlsx,387ce8805f54b68baaeda1dbc40751927e8eb981f2b48548ffeaf833a6881d68,true
nl,13,Nagaland,614,Kiphire,2,269,Local Government Directory (LGD),"Ministry of Panchayati Raj, Government of India",2026-10-07,All_Districtof_India_2026-10-07_17-55-02.xlsx,387ce8805f54b68baaeda1dbc40751927e8eb981f2b48548ffeaf833a6881d68,true
nl,13,Nagaland,245,Kohima,7,270,Local Government Directory (LGD),"Ministry of Panchayati Raj, Government of India",2026-10-07,All_Districtof_India_2026-10-07_17-55-02.xlsx,387ce8805f54b68baaeda1dbc40751927e8eb981f2b48548ffeaf833a6881d68,true
nl,13,Nagaland,615,Longleng,2,268,Local Government Directory (LGD),"Ministry of Panchayati Raj, Government of India",2026-10-07,All_Districtof_India_2026-10-07_17-55-02.xlsx,387ce8805f54b68baaeda1dbc40751927e8eb981f2b48548ffeaf833a6881d68,true
nl,13,Nagaland,788,Meluri,0,0,Local Government Directory (LGD),"Ministry of Panchayati Raj, Government of India",2026-10-07,All_Districtof_India_2026-10-07_17-55-02.xlsx,387ce8805f54b68baaeda1dbc40751927e8eb981f2b48548ffeaf833a6881d68,true
nl,13,Nagaland,246,Mokokchung,3,262,Local Government Directory (LGD),"Ministry of Panchayati Raj, Government of India",2026-10-07,All_Districtof_India_2026-10-07_17-55-02.xlsx,387ce8805f54b68baaeda1dbc40751927e8eb981f2b48548ffeaf833a6881d68,true
nl,13,Nagaland,247,Mon,1,261,Local Government Directory (LGD),"Ministry of Panchayati Raj, Government of India",2026-10-07,All_Districtof_India_2026-10-07_17-55-02.xlsx,387ce8805f54b68baaeda1dbc40751927e8eb981f2b48548ffeaf833a6881d68,true
nl,13,Nagaland,764,Niuland,0,0,Local Government Directory (LGD),"Ministry of Panchayati Raj, Government of India",2026-10-07,All_Districtof_India_2026-10-07_17-55-02.xlsx,387ce8805f54b68baaeda1dbc40751927e8eb981f2b48548ffeaf833a6881d68,true
nl,13,Nagaland,736,Noklak,0,0,Local Government Directory (LGD),"Ministry of Panchayati Raj, Government of India",2026-10-07,All_Districtof_India_2026-10-07_17-55-02.xlsx,387ce8805f54b68baaeda1dbc40751927e8eb981f2b48548ffeaf833a6881d68,true
nl,13,Nagaland,613,Peren,7,271,Local Government Directory (LGD),"Ministry of Panchayati Raj, Government of India",2026-10-07,All_Districtof_India_2026-10-07_17-55-02.xlsx,387ce8805f54b68baaeda1dbc40751927e8eb981f2b48548ffeaf833a6881d68,true
nl,13,Nagaland,248,Phek,8,266,Local Government Directory (LGD),"Ministry of Panchayati Raj, Government of India",2026-10-07,All_Districtof_India_2026-10-07_17-55-02.xlsx,387ce8805f54b68baaeda1dbc40751927e8eb981f2b48548ffeaf833a6881d68,true
nl,13,Nagaland,765,Shamator,0,0,Local Government Directory (LGD),"Ministry of Panchayati Raj, Government of India",2026-10-07,All_Districtof_India_2026-10-07_17-55-02.xlsx,387ce8805f54b68baaeda1dbc40751927e8eb981f2b48548ffeaf833a6881d68,true
nl,13,Nagaland,757,Tseminyu,0,0,Local Government Directory (LGD),"Ministry of Panchayati Raj, Government of India",2026-10-07,All_Districtof_India_2026-10-07_17-55-02.xlsx,387ce8805f54b68baaeda1dbc40751927e8eb981f2b48548ffeaf833a6881d68,true
nl,13,Nagaland,249,Tuensang,2,267,Local Government Directory (LGD),"Ministry of Panchayati Raj, Government of India",2026-10-07,All_Districtof_India_2026-10-07_17-55-02.xlsx,387ce8805f54b68baaeda1dbc40751927e8eb981f2b48548ffeaf833a6881d68,true
nl,13,Nagaland,250,Wokha,5,264,Local Government Directory (LGD),"Ministry of Panchayati Raj, Government of India",2026-10-07,All_Districtof_India_2026-10-07_17-55-02.xlsx,387ce8805f54b68baaeda1dbc40751927e8eb981f2b48548ffeaf833a6881d68,true
nl,13,Nagaland,251,Zunheboto,4,263,Local Government Directory (LGD),"Ministry of Panchayati Raj, Government of India",2026-10-07,All_Districtof_India_2026-10-07_17-55-02.xlsx,387ce8805f54b68baaeda1dbc40751927e8eb981f2b48548ffeaf833a6881d68,true
od,21,Odisha,344,Angul,15,384,Local Government Directory (LGD),"Ministry of Panchayati Raj, Government of India",2026-10-07,All_Districtof_India_2026-10-07_17-55-02.xlsx,387ce8805f54b68baaeda1dbc40751927e8eb981f2b48548ffeaf833a6881d68,true
od,21,Odisha,345,Balangir,24,393,Local Government Directory (LGD),"Ministry of Panchayati Raj, Government of India",2026-10-07,All_Districtof_India_2026-10-07_17-55-02.xlsx,387ce8805f54b68baaeda1dbc40751927e8eb981f2b48548ffeaf833a6881d68,true
od,21,Odisha,346,Balasore,8,377,Local Government Directory (LGD),"Ministry of Panchayati Raj, Government of India",2026-10-07,All_Districtof_India_2026-10-07_17-55-02.xlsx,387ce8805f54b68baaeda1dbc40751927e8eb981f2b48548ffeaf833a6881d68,true
od,21,Odisha,347,Bargarh,1,370,Local Government Directory (LGD),"Ministry of Panchayati Raj, Government of India",2026-10-07,All_Districtof_India_2026-10-07_17-55-02.xlsx,387ce8805f54b68baaeda1dbc40751927e8eb981f2b48548ffeaf833a6881d68,true
od,21,Odisha,348,Bhadrak,9,378,Local Government Directory (LGD),"Ministry of Panchayati Raj, Government of India",2026-10-07,All_Districtof_India_2026-10-07_17-55-02.xlsx,387ce8805f54b68baaeda1dbc40751927e8eb981f2b48548ffeaf833a6881d68,true
od,21,Odisha,349,Boudh,22,391,Local Government Directory (LGD),"Ministry of Panchayati Raj, Government of India",2026-10-07,All_Districtof_India_2026-10-07_17-55-02.xlsx,387ce8805f54b68baaeda1dbc40751927e8eb981f2b48548ffeaf833a6881d68,true
od,21,Odisha,350,Cuttack,12,381,Local Government Directory (LGD),"Ministry of Panchayati Raj, Government of India",2026-10-07,All_Districtof_India_2026-10-07_17-55-02.xlsx,387ce8805f54b68baaeda1dbc40751927e8eb981f2b48548ffeaf833a6881d68,true
od,21,Odisha,351,Deogarh,4,373,Local Government Directory (LGD),"Ministry of Panchayati Raj, Government of India",2026-10-07,All_Districtof_India_2026-10-07_17-55-02.xlsx,387ce8805f54b68baaeda1dbc40751927e8eb981f2b48548ffeaf833a6881d68,true
od,21,Odisha,352,Dhenkanal,14,383,Local Government Directory (LGD),"Ministry of Panchayati Raj, Government of India",2026-10-07,All_Districtof_India_2026-10-07_17-55-02.xlsx,387ce8805f54b68baaeda1dbc40751927e8eb981f2b48548ffeaf833a6881d68,true
od,21,Odisha,353,Gajapati,20,389,Local Government Directory (LGD),"Ministry of Panchayati Raj, Government of India",2026-10-07,All_Districtof_India_2026-10-07_17-55-02.xlsx,387ce8805f54b68baaeda1dbc40751927e8eb981f2b48548ffeaf833a6881d68,true
od,21,Odisha,354,Ganjam,19,388,Local Government Directory (LGD),"Ministry of Panchayati Raj, Government of India",2026-10-07,All_Districtof_India_2026-10-07_17-55-02.xlsx,387ce8805f54b68baaeda1dbc40751927e8eb981f2b48548ffeaf833a6881d68,true
od,21,Odisha,355,Jagatsinghapur,11,380,Local Government Directory (LGD),"Ministry of Panchayati Raj, Government of India",2026-10-07,All_Districtof_India_2026-10-07_17-55-02.xlsx,387ce8805f54b68baaeda1dbc40751927e8eb981f2b48548ffeaf833a6881d68,true
od,21,Odisha,356,Jajpur,13,382,Local Government Directory (LGD),"Ministry of Panchayati Raj, Government of India",2026-10-07,All_Districtof_India_2026-10-07_17-55-02.xlsx,387ce8805f54b68baaeda1dbc40751927e8eb981f2b48548ffeaf833a6881d68,true
od,21,Odisha,357,Jharsuguda,2,371,Local Government Directory (LGD),"Ministry of Panchayati Raj, Government of India",2026-10-07,All_Districtof_India_2026-10-07_17-55-02.xlsx,387ce8805f54b68baaeda1dbc40751927e8eb981f2b48548ffeaf833a6881d68,true
od,21,Odisha,358,Kalahandi,26,395,Local Government Directory (LGD),"Ministry of Panchayati Raj, Government of India",2026-10-07,All_Districtof_India_2026-10-07_17-55-02.xlsx,387ce8805f54b68baaeda1dbc40751927e8eb981f2b48548ffeaf833a6881d68,true
od,21,Odisha,359,Kandhamal,21,390,Local Government Directory (LGD),"Ministry of Panchayati Raj, Government of India",2026-10-07,All_Districtof_India_2026-10-07_17-55-02.xlsx,387ce8805f54b68baaeda1dbc40751927e8eb981f2b48548ffeaf833a6881d68,true
od,21,Odisha,360,Kendrapara,10,379,Local Government Directory (LGD),"Ministry of Panchayati Raj, Government of India",2026-10-07,All_Districtof_India_2026-10-07_17-55-02.xlsx,387ce8805f54b68baaeda1dbc40751927e8eb981f2b48548ffeaf833a6881d68,true
od,21,Odisha,361,Keonjhar,6,375,Local Government Directory (LGD),"Ministry of Panchayati Raj, Government of India",2026-10-07,All_Districtof_India_2026-10-07_17-55-02.xlsx,387ce8805f54b68baaeda1dbc40751927e8eb981f2b48548ffeaf833a6881d68,true
od,21,Odisha,362,Khordha,17,386,Local Government Directory (LGD),"Ministry of Panchayati Raj, Government of India",2026-10-07,All_Districtof_India_2026-10-07_17-55-02.xlsx,387ce8805f54b68baaeda1dbc40751927e8eb981f2b48548ffeaf833a6881d68,true
od,21,Odisha,363,Koraput,29,398,Local Government Directory (LGD),"Ministry of Panchayati Raj, Government of India",2026-10-07,All_Districtof_India_2026-10-07_17-55-02.xlsx,387ce8805f54b68baaeda1dbc40751927e8eb981f2b48548ffeaf833a6881d68,true
od,21,Odisha,364,Malkangiri,30,399,Local Government Directory (LGD),"Ministry of Panchayati Raj, Government of India",2026-10-07,All_Districtof_India_2026-10-07_17-55-02.xlsx,387ce8805f54b68baaeda1dbc40751927e8eb981f2b48548ffeaf833a6881d68,true
od,21,Odisha,365,Mayurbhanj,7,376,Local Government Directory (LGD),"Ministry of Panchayati Raj, Government of India",2026-10-07,All_Districtof_India_2026-10-07_17-55-02.xlsx,387ce8805f54b68baaeda1dbc40751927e8eb981f2b48548ffeaf833a6881d68,true
od,21,Odisha,366,Nabarangpur,28,397,Local Government Directory (LGD),"Ministry of Panchayati Raj, Government of India",2026-10-07,All_Districtof_India_2026-10-07_17-55-02.xlsx,387ce8805f54b68baaeda1dbc40751927e8eb981f2b48548ffeaf833a6881d68,true
od,21,Odisha,367,Nayagarh,16,385,Local Government Directory (LGD),"Ministry of Panchayati Raj, Government of India",2026-10-07,All_Districtof_India_2026-10-07_17-55-02.xlsx,387ce8805f54b68baaeda1dbc40751927e8eb981f2b48548ffeaf833a6881d68,true
od,21,Odisha,368,Nuapada,25,394,Local Government Directory (LGD),"Ministry of Panchayati Raj, Government of India",2026-10-07,All_Districtof_India_2026-10-07_17-55-02.xlsx,387ce8805f54b68baaeda1dbc40751927e8eb981f2b48548ffeaf833a6881d68,true
od,21,Odisha,369,Puri,18,387,Local Government Directory (LGD),"Ministry of Panchayati Raj, Government of India",2026-10-07,All_Districtof_India_2026-10-07_17-55-02.xlsx,387ce8805f54b68baaeda1dbc40751927e8eb981f2b48548ffeaf833a6881d68,true
od,21,Odisha,370,Rayagada,27,396,Local Government Directory (LGD),"Ministry of Panchayati Raj, Government of India",2026-10-07,All_Districtof_India_2026-10-07_17-55-02.xlsx,387ce8805f54b68baaeda1dbc40751927e8eb981f2b48548ffeaf833a6881d68,true
od,21,Odisha,371,Sambalpur,3,372,Local Government Directory (LGD),"Ministry of Panchayati Raj, Government of India",2026-10-07,All_Districtof_India_2026-10-07_17-55-02.xlsx,387ce8805f54b68baaeda1dbc40751927e8eb981f2b48548ffeaf833a6881d68,true
od,21,Odisha,372,Sonepur,23,392,Local Government Directory (LGD),"Ministry of Panchayati Raj, Government of India",2026-10-07,All_Districtof_India_2026-10-07_17-55-02.xlsx,387ce8805f54b68baaeda1dbc40751927e8eb981f2b48548ffeaf833a6881d68,true
od,21,Odisha,373,Sundargarh,5,374,Local Government Directory (LGD),"Ministry of Panchayati Raj, Government of India",2026-10-07,All_Districtof_India_2026-10-07_17-55-02.xlsx,387ce8805f54b68baaeda1dbc40751927e8eb981f2b48548ffeaf833a6881d68,true
py,34,Puducherry,598,Karaikal,4,637,Local Government Directory (LGD),"Ministry of Panchayati Raj, Government of India",2026-10-07,All_Districtof_India_2026-10-07_17-55-02.xlsx,387ce8805f54b68baaeda1dbc40751927e8eb981f2b48548ffeaf833a6881d68,true
py,34,Puducherry,600,Puducherry,2,635,Local Government Directory (LGD),"Ministry of Panchayati Raj, Government of India",2026-10-07,All_Districtof_India_2026-10-07_17-55-02.xlsx,387ce8805f54b68baaeda1dbc40751927e8eb981f2b48548ffeaf833a6881d68,true
pb,3,Punjab,27,Amritsar,2,49,Local Government Directory (LGD),"Ministry of Panchayati Raj, Government of India",2026-10-07,All_Districtof_India_2026-10-07_17-55-02.xlsx,387ce8805f54b68baaeda1dbc40751927e8eb981f2b48548ffeaf833a6881d68,true
pb,3,Punjab,605,Barnala,0,54,Local Government Directory (LGD),"Ministry of Panchayati Raj, Government of India",2026-10-07,All_Districtof_India_2026-10-07_17-55-02.xlsx,387ce8805f54b68baaeda1dbc40751927e8eb981f2b48548ffeaf833a6881d68,true
pb,3,Punjab,28,Bathinda,14,46,Local Government Directory (LGD),"Ministry of Panchayati Raj, Government of India",2026-10-07,All_Districtof_India_2026-10-07_17-55-02.xlsx,387ce8805f54b68baaeda1dbc40751927e8eb981f2b48548ffeaf833a6881d68,true
pb,3,Punjab,29,Faridkot,13,45,Local Government Directory (LGD),"Ministry of Panchayati Raj, Government of India",2026-10-07,All_Districtof_India_2026-10-07_17-55-02.xlsx,387ce8805f54b68baaeda1dbc40751927e8eb981f2b48548ffeaf833a6881d68,true
pb,3,Punjab,30,Fatehgarh Sahib,8,40,Local Government Directory (LGD),"Ministry of Panchayati Raj, Government of India",2026-10-07,All_Districtof_India_2026-10-07_17-55-02.xlsx,387ce8805f54b68baaeda1dbc40751927e8eb981f2b48548ffeaf833a6881d68,true
pb,3,Punjab,651,Fazilka,0,0,Local Government Directory (LGD),"Ministry of Panchayati Raj, Government of India",2026-10-07,All_Districtof_India_2026-10-07_17-55-02.xlsx,387ce8805f54b68baaeda1dbc40751927e8eb981f2b48548ffeaf833a6881d68,true
pb,3,Punjab,31,Ferozepur,11,43,Local Government Directory (LGD),"Ministry of Panchayati Raj, Government of India",2026-10-07,All_Districtof_India_2026-10-07_17-55-02.xlsx,387ce8805f54b68baaeda1dbc40751927e8eb981f2b48548ffeaf833a6881d68,true
pb,3,Punjab,32,Gurdaspur,1,35,Local Government Directory (LGD),"Ministry of Panchayati Raj, Government of India",2026-10-07,All_Districtof_India_2026-10-07_17-55-02.xlsx,387ce8805f54b68baaeda1dbc40751927e8eb981f2b48548ffeaf833a6881d68,true
pb,3,Punjab,33,Hoshiarpur,5,38,Local Government Directory (LGD),"Ministry of Panchayati Raj, Government of India",2026-10-07,All_Districtof_India_2026-10-07_17-55-02.xlsx,387ce8805f54b68baaeda1dbc40751927e8eb981f2b48548ffeaf833a6881d68,true
pb,3,Punjab,34,Jalandhar,4,37,Local Government Directory (LGD),"Ministry of Panchayati Raj, Government of India",2026-10-07,All_Districtof_India_2026-10-07_17-55-02.xlsx,387ce8805f54b68baaeda1dbc40751927e8eb981f2b48548ffeaf833a6881d68,true
pb,3,Punjab,35,Kapurthala,3,36,Local Government Directory (LGD),"Ministry of Panchayati Raj, Government of India",2026-10-07,All_Districtof_India_2026-10-07_17-55-02.xlsx,387ce8805f54b68baaeda1dbc40751927e8eb981f2b48548ffeaf833a6881d68,true
pb,3,Punjab,36,Ludhiana,9,41,Local Government Directory (LGD),"Ministry of Panchayati Raj, Government of India",2026-10-07,All_Districtof_India_2026-10-07_17-55-02.xlsx,387ce8805f54b68baaeda1dbc40751927e8eb981f2b48548ffeaf833a6881d68,true
pb,3,Punjab,737,Malerkotla,0,0,Local Government Directory (LGD),"Ministry of Panchayati Raj, Government of India",2026-10-07,All_Districtof_India_2026-10-07_17-55-02.xlsx,387ce8805f54b68baaeda1dbc40751927e8eb981f2b48548ffeaf833a6881d68,true
pb,3,Punjab,37,Mansa,15,47,Local Government Directory (LGD),"Ministry of Panchayati Raj, Government of India",2026-10-07,All_Districtof_India_2026-10-07_17-55-02.xlsx,387ce8805f54b68baaeda1dbc40751927e8eb981f2b48548ffeaf833a6881d68,true
pb,3,Punjab,38,Moga,10,42,Local Government Directory (LGD),"Ministry of Panchayati Raj, Government of India",2026-10-07,All_Districtof_India_2026-10-07_17-55-02.xlsx,387ce8805f54b68baaeda1dbc40751927e8eb981f2b48548ffeaf833a6881d68,true
pb,3,Punjab,662,Pathankot,0,0,Local Government Directory (LGD),"Ministry of Panchayati Raj, Government of India",2026-10-07,All_Districtof_India_2026-10-07_17-55-02.xlsx,387ce8805f54b68baaeda1dbc40751927e8eb981f2b48548ffeaf833a6881d68,true
pb,3,Punjab,41,Patiala,17,48,Local Government Directory (LGD),"Ministry of Panchayati Raj, Government of India",2026-10-07,All_Districtof_India_2026-10-07_17-55-02.xlsx,387ce8805f54b68baaeda1dbc40751927e8eb981f2b48548ffeaf833a6881d68,true
pb,3,Punjab,42,Rupnagar,7,51,Local Government Directory (LGD),"Ministry of Panchayati Raj, Government of India",2026-10-07,All_Districtof_India_2026-10-07_17-55-02.xlsx,387ce8805f54b68baaeda1dbc40751927e8eb981f2b48548ffeaf833a6881d68,true
pb,3,Punjab,43,Sangrur,16,53,Local Government Directory (LGD),"Ministry of Panchayati Raj, Government of India",2026-10-07,All_Districtof_India_2026-10-07_17-55-02.xlsx,387ce8805f54b68baaeda1dbc40751927e8eb981f2b48548ffeaf833a6881d68,true
pb,3,Punjab,608,S.A.S Nagar,0,52,Local Government Directory (LGD),"Ministry of Panchayati Raj, Government of India",2026-10-07,All_Districtof_India_2026-10-07_17-55-02.xlsx,387ce8805f54b68baaeda1dbc40751927e8eb981f2b48548ffeaf833a6881d68,true
pb,3,Punjab,40,Shahid Bhagat Singh Nagar,6,39,Local Government Directory (LGD),"Ministry of Panchayati Raj, Government of India",2026-10-07,All_Districtof_India_2026-10-07_17-55-02.xlsx,387ce8805f54b68baaeda1dbc40751927e8eb981f2b48548ffeaf833a6881d68,true
pb,3,Punjab,39,Sri Muktsar Sahib,12,44,Local Government Directory (LGD),"Ministry of Panchayati Raj, Government of India",2026-10-07,All_Districtof_India_2026-10-07_17-55-02.xlsx,387ce8805f54b68baaeda1dbc40751927e8eb981f2b48548ffeaf833a6881d68,true
pb,3,Punjab,609,Tarn Taran,0,50,Local Government Directory (LGD),"Ministry of Panchayati Raj, Government of India",2026-10-07,All_Districtof_India_2026-10-07_17-55-02.xlsx,387ce8805f54b68baaeda1dbc40751927e8eb981f2b48548ffeaf833a6881d68,true
rj,8,Rajasthan,86,Ajmer,21,119,Local Government Directory (LGD),"Ministry of Panchayati Raj, Government of India",2026-10-07,All_Districtof_India_2026-10-07_17-55-02.xlsx,387ce8805f54b68baaeda1dbc40751927e8eb981f2b48548ffeaf833a6881d68,true
rj,8,Rajasthan,87,Alwar,6,104,Local Government Directory (LGD),"Ministry of Panchayati Raj, Government of India",2026-10-07,All_Districtof_India_2026-10-07_17-55-02.xlsx,387ce8805f54b68baaeda1dbc40751927e8eb981f2b48548ffeaf833a6881d68,true
rj,8,Rajasthan,775,Balotra,0,0,Local Government Directory (LGD),"Ministry of Panchayati Raj, Government of India",2026-10-07,All_Districtof_India_2026-10-07_17-55-02.xlsx,387ce8805f54b68baaeda1dbc40751927e8eb981f2b48548ffeaf833a6881d68,true
rj,8,Rajasthan,88,Banswara,28,125,Local Government Directory (LGD),"Ministry of Panchayati Raj, Government of India",2026-10-07,All_Districtof_India_2026-10-07_17-55-02.xlsx,387ce8805f54b68baaeda1dbc40751927e8eb981f2b48548ffeaf833a6881d68,true
rj,8,Rajasthan,89,Baran,31,128,Local Government Directory (LGD),"Ministry of Panchayati Raj, Government of India",2026-10-07,All_Districtof_India_2026-10-07_17-55-02.xlsx,387ce8805f54b68baaeda1dbc40751927e8eb981f2b48548ffeaf833a6881d68,true
rj,8,Rajasthan,90,Barmer,17,115,Local Government Directory (LGD),"Ministry of Panchayati Raj, Government of India",2026-10-07,All_Districtof_India_2026-10-07_17-55-02.xlsx,387ce8805f54b68baaeda1dbc40751927e8eb981f2b48548ffeaf833a6881d68,true
rj,8,Rajasthan,774,Beawar,0,0,Local Government Directory (LGD),"Ministry of Panchayati Raj, Government of India",2026-10-07,All_Districtof_India_2026-10-07_17-55-02.xlsx,387ce8805f54b68baaeda1dbc40751927e8eb981f2b48548ffeaf833a6881d68,true
rj,8,Rajasthan,91,Bharatpur,7,105,Local Government Directory (LGD),"Ministry of Panchayati Raj, Government of India",2026-10-07,All_Districtof_India_2026-10-07_17-55-02.xlsx,387ce8805f54b68baaeda1dbc40751927e8eb981f2b48548ffeaf833a6881d68,true
rj,8,Rajasthan,92,Bhilwara,24,122,Local Government Directory (LGD),"Ministry of Panchayati Raj, Government of India",2026-10-07,All_Districtof_India_2026-10-07_17-55-02.xlsx,387ce8805f54b68baaeda1dbc40751927e8eb981f2b48548ffeaf833a6881d68,true
rj,8,Rajasthan,93,Bikaner,3,101,Local Government Directory (LGD),"Ministry of Panchayati Raj, Government of India",2026-10-07,All_Districtof_India_2026-10-07_17-55-02.xlsx,387ce8805f54b68baaeda1dbc40751927e8eb981f2b48548ffeaf833a6881d68,true
rj,8,Rajasthan,94,Bundi,23,121,Local Government Directory (LGD),"Ministry of Panchayati Raj, Government of India",2026-10-07,All_Districtof_India_2026-10-07_17-55-02.xlsx,387ce8805f54b68baaeda1dbc40751927e8eb981f2b48548ffeaf833a6881d68,true
rj,8,Rajasthan,95,Chittorgarh,29,126,Local Government Directory (LGD),"Ministry of Panchayati Raj, Government of India",2026-10-07,All_Districtof_India_2026-10-07_17-55-02.xlsx,387ce8805f54b68baaeda1dbc40751927e8eb981f2b48548ffeaf833a6881d68,true
rj,8,Rajasthan,96,Churu,4,102,Local Government Directory (LGD),"Ministry of Panchayati Raj, Government of India",2026-10-07,All_Districtof_India_2026-10-07_17-55-02.xlsx,387ce8805f54b68baaeda1dbc40751927e8eb981f2b48548ffeaf833a6881d68,true
rj,8,Rajasthan,97,Dausa,11,109,Local Government Directory (LGD),"Ministry of Panchayati Raj, Government of India",2026-10-07,All_Districtof_India_2026-10-07_17-55-02.xlsx,387ce8805f54b68baaeda1dbc40751927e8eb981f2b48548ffeaf833a6881d68,true
rj,8,Rajasthan,767,Deeg,0,0,Local Government Directory (LGD),"Ministry of Panchayati Raj, Government of India",2026-10-07,All_Districtof_India_2026-10-07_17-55-02.xlsx,387ce8805f54b68baaeda1dbc40751927e8eb981f2b48548ffeaf833a6881d68,true
rj,8,Rajasthan,98,Dholpur,8,106,Local Government Directory (LGD),"Ministry of Panchayati Raj, Government of India",2026-10-07,All_Districtof_India_2026-10-07_17-55-02.xlsx,387ce8805f54b68baaeda1dbc40751927e8eb981f2b48548ffeaf833a6881d68,true
rj,8,Rajasthan,768,Didwana-Kuchaman,0,0,Local Government Directory (LGD),"Ministry of Panchayati Raj, Government of India",2026-10-07,All_Districtof_India_2026-10-07_17-55-02.xlsx,387ce8805f54b68baaeda1dbc40751927e8eb981f2b48548ffeaf833a6881d68,true
rj,8,Rajasthan,99,Dungarpur,27,124,Local Government Directory (LGD),"Ministry of Panchayati Raj, Government of India",2026-10-07,All_Districtof_India_2026-10-07_17-55-02.xlsx,387ce8805f54b68baaeda1dbc40751927e8eb981f2b48548ffeaf833a6881d68,true
rj,8,Rajasthan,100,Ganganagar,1,99,Local Government Directory (LGD),"Ministry of Panchayati Raj, Government of India",2026-10-07,All_Districtof_India_2026-10-07_17-55-02.xlsx,387ce8805f54b68baaeda1dbc40751927e8eb981f2b48548ffeaf833a6881d68,true
rj,8,Rajasthan,101,Hanumangarh,2,100,Local Government Directory (LGD),"Ministry of Panchayati Raj, Government of India",2026-10-07,All_Districtof_India_2026-10-07_17-55-02.xlsx,387ce8805f54b68baaeda1dbc40751927e8eb981f2b48548ffeaf833a6881d68,true
rj,8,Rajasthan,102,Jaipur,12,110,Local Government Directory (LGD),"Ministry of Panchayati Raj, Government of India",2026-10-07,All_Districtof_India_2026-10-07_17-55-02.xlsx,387ce8805f54b68baaeda1dbc40751927e8eb981f2b48548ffeaf833a6881d68,true
rj,8,Rajasthan,103,Jaisalmer,16,114,Local Government Directory (LGD),"Ministry of Panchayati Raj, Government of India",2026-10-07,All_Districtof_India_2026-10-07_17-55-02.xlsx,387ce8805f54b68baaeda1dbc40751927e8eb981f2b48548ffeaf833a6881d68,true
rj,8,Rajasthan,104,Jalore,18,116,Local Government Directory (LGD),"Ministry of Panchayati Raj, Government of India",2026-10-07,All_Districtof_India_2026-10-07_17-55-02.xlsx,387ce8805f54b68baaeda1dbc40751927e8eb981f2b48548ffeaf833a6881d68,true
rj,8,Rajasthan,105,Jhalawar,32,129,Local Government Directory (LGD),"Ministry of Panchayati Raj, Government of India",2026-10-07,All_Districtof_India_2026-10-07_17-55-02.xlsx,387ce8805f54b68baaeda1dbc40751927e8eb981f2b48548ffeaf833a6881d68,true
rj,8,Rajasthan,106,Jhunjhunu,5,103,Local Government Directory (LGD),"Ministry of Panchayati Raj, Government of India",2026-10-07,All_Districtof_India_2026-10-07_17-55-02.xlsx,387ce8805f54b68baaeda1dbc40751927e8eb981f2b48548ffeaf833a6881d68,true
rj,8,Rajasthan,107,Jodhpur,15,113,Local Government Directory (LGD),"Ministry of Panchayati Raj, Government of India",2026-10-07,All_Districtof_India_2026-10-07_17-55-02.xlsx,387ce8805f54b68baaeda1dbc40751927e8eb981f2b48548ffeaf833a6881d68,true
rj,8,Rajasthan,108,Karauli,9,107,Local Government Directory (LGD),"Ministry of Panchayati Raj, Government of India",2026-10-07,All_Districtof_India_2026-10-07_17-55-02.xlsx,387ce8805f54b68baaeda1dbc40751927e8eb981f2b48548ffeaf833a6881d68,true
rj,8,Rajasthan,770,Khairthal-Tijara,0,0,Local Government Directory (LGD),"Ministry of Panchayati Raj, Government of India",2026-10-07,All_Districtof_India_2026-10-07_17-55-02.xlsx,387ce8805f54b68baaeda1dbc40751927e8eb981f2b48548ffeaf833a6881d68,true
rj,8,Rajasthan,109,Kota,30,127,Local Government Directory (LGD),"Ministry of Panchayati Raj, Government of India",2026-10-07,All_Districtof_India_2026-10-07_17-55-02.xlsx,387ce8805f54b68baaeda1dbc40751927e8eb981f2b48548ffeaf833a6881d68,true
rj,8,Rajasthan,782,Kotputli-Behror,0,0,Local Government Directory (LGD),"Ministry of Panchayati Raj, Government of India",2026-10-07,All_Districtof_India_2026-10-07_17-55-02.xlsx,387ce8805f54b68baaeda1dbc40751927e8eb981f2b48548ffeaf833a6881d68,true
rj,8,Rajasthan,110,Nagaur,14,112,Local Government Directory (LGD),"Ministry of Panchayati Raj, Government of India",2026-10-07,All_Districtof_India_2026-10-07_17-55-02.xlsx,387ce8805f54b68baaeda1dbc40751927e8eb981f2b48548ffeaf833a6881d68,true
rj,8,Rajasthan,111,Pali,20,118,Local Government Directory (LGD),"Ministry of Panchayati Raj, Government of India",2026-10-07,All_Districtof_India_2026-10-07_17-55-02.xlsx,387ce8805f54b68baaeda1dbc40751927e8eb981f2b48548ffeaf833a6881d68,true
rj,8,Rajasthan,772,Phalodi,0,0,Local Government Directory (LGD),"Ministry of Panchayati Raj, Government of India",2026-10-07,All_Districtof_India_2026-10-07_17-55-02.xlsx,387ce8805f54b68baaeda1dbc40751927e8eb981f2b48548ffeaf833a6881d68,true
rj,8,Rajasthan,629,Pratapgarh,0,131,Local Government Directory (LGD),"Ministry of Panchayati Raj, Government of India",2026-10-07,All_Districtof_India_2026-10-07_17-55-02.xlsx,387ce8805f54b68baaeda1dbc40751927e8eb981f2b48548ffeaf833a6881d68,true
rj,8,Rajasthan,112,Rajsamand,25,123,Local Government Directory (LGD),"Ministry of Panchayati Raj, Government of India",2026-10-07,All_Districtof_India_2026-10-07_17-55-02.xlsx,387ce8805f54b68baaeda1dbc40751927e8eb981f2b48548ffeaf833a6881d68,true
rj,8,Rajasthan,777,Salumbar,0,0,Local Government Directory (LGD),"Ministry of Panchayati Raj, Government of India",2026-10-07,All_Districtof_India_2026-10-07_17-55-02.xlsx,387ce8805f54b68baaeda1dbc40751927e8eb981f2b48548ffeaf833a6881d68,true
rj,8,Rajasthan,113,Sawai Madhopur,10,108,Local Government Directory (LGD),"Ministry of Panchayati Raj, Government of India",2026-10-07,All_Districtof_India_2026-10-07_17-55-02.xlsx,387ce8805f54b68baaeda1dbc40751927e8eb981f2b48548ffeaf833a6881d68,true
rj,8,Rajasthan,114,Sikar,13,111,Local Government Directory (LGD),"Ministry of Panchayati Raj, Government of India",2026-10-07,All_Districtof_India_2026-10-07_17-55-02.xlsx,387ce8805f54b68baaeda1dbc40751927e8eb981f2b48548ffeaf833a6881d68,true
rj,8,Rajasthan,115,Sirohi,19,117,Local Government Directory (LGD),"Ministry of Panchayati Raj, Government of India",2026-10-07,All_Districtof_India_2026-10-07_17-55-02.xlsx,387ce8805f54b68baaeda1dbc40751927e8eb981f2b48548ffeaf833a6881d68,true
rj,8,Rajasthan,116,Tonk,22,120,Local Government Directory (LGD),"Ministry of Panchayati Raj, Government of India",2026-10-07,All_Districtof_India_2026-10-07_17-55-02.xlsx,387ce8805f54b68baaeda1dbc40751927e8eb981f2b48548ffeaf833a6881d68,true
rj,8,Rajasthan,117,Udaipur,26,130,Local Government Directory (LGD),"Ministry of Panchayati Raj, Government of India",2026-10-07,All_Districtof_India_2026-10-07_17-55-02.xlsx,387ce8805f54b68baaeda1dbc40751927e8eb981f2b48548ffeaf833a6881d68,true
sk,11,Sikkim,225,Gangtok,4,244,Local Government Directory (LGD),"Ministry of Panchayati Raj, Government of India",2026-10-07,All_Districtof_India_2026-10-07_17-55-02.xlsx,387ce8805f54b68baaeda1dbc40751927e8eb981f2b48548ffeaf833a6881d68,true
sk,11,Sikkim,228,Gyalshing,2,242,Local Government Directory (LGD),"Ministry of Panchayati Raj, Government of India",2026-10-07,All_Districtof_India_2026-10-07_17-55-02.xlsx,387ce8805f54b68baaeda1dbc40751927e8eb981f2b48548ffeaf833a6881d68,true
sk,11,Sikkim,226,Mangan,1,241,Local Government Directory (LGD),"Ministry of Panchayati Raj, Government of India",2026-10-07,All_Districtof_India_2026-10-07_17-55-02.xlsx,387ce8805f54b68baaeda1dbc40751927e8eb981f2b48548ffeaf833a6881d68,true
sk,11,Sikkim,227,Namchi,3,243,Local Government Directory (LGD),"Ministry of Panchayati Raj, Government of India",2026-10-07,All_Districtof_India_2026-10-07_17-55-02.xlsx,387ce8805f54b68baaeda1dbc40751927e8eb981f2b48548ffeaf833a6881d68,true
sk,11,Sikkim,741,Pakyong,0,0,Local Government Directory (LGD),"Ministry of Panchayati Raj, Government of India",2026-10-07,All_Districtof_India_2026-10-07_17-55-02.xlsx,387ce8805f54b68baaeda1dbc40751927e8eb981f2b48548ffeaf833a6881d68,true
sk,11,Sikkim,742,Soreng,0,0,Local Government Directory (LGD),"Ministry of Panchayati Raj, Government of India",2026-10-07,All_Districtof_India_2026-10-07_17-55-02.xlsx,387ce8805f54b68baaeda1dbc40751927e8eb981f2b48548ffeaf833a6881d68,true
tn,33,Tamil Nadu,610,Ariyalur,17,616,Local Government Directory (LGD),"Ministry of Panchayati Raj, Government of India",2026-10-07,All_Districtof_India_2026-10-07_17-55-02.xlsx,387ce8805f54b68baaeda1dbc40751927e8eb981f2b48548ffeaf833a6881d68,true
tn,33,Tamil Nadu,730,Chengalpattu,0,0,Local Government Directory (LGD),"Ministry of Panchayati Raj, Government of India",2026-10-07,All_Districtof_India_2026-10-07_17-55-02.xlsx,387ce8805f54b68baaeda1dbc40751927e8eb981f2b48548ffeaf833a6881d68,true
tn,33,Tamil Nadu,568,Chennai,2,603,Local Government Directory (LGD),"Ministry of Panchayati Raj, Government of India",2026-10-07,All_Districtof_India_2026-10-07_17-55-02.xlsx,387ce8805f54b68baaeda1dbc40751927e8eb981f2b48548ffeaf833a6881d68,true
tn,33,Tamil Nadu,569,Coimbatore,12,632,Local Government Directory (LGD),"Ministry of Panchayati Raj, Government of India",2026-10-07,All_Districtof_India_2026-10-07_17-55-02.xlsx,387ce8805f54b68baaeda1dbc40751927e8eb981f2b48548ffeaf833a6881d68,true
tn,33,Tamil Nadu,570,Cuddalore,18,617,Local Government Directory (LGD),"Ministry of Panchayati Raj, Government of India",2026-10-07,All_Districtof_India_2026-10-07_17-55-02.xlsx,387ce8805f54b68baaeda1dbc40751927e8eb981f2b48548ffeaf833a6881d68,true
tn,33,Tamil Nadu,571,Dharmapuri,5,630,Local Government Directory (LGD),"Ministry of Panchayati Raj, Government of India",2026-10-07,All_Districtof_India_2026-10-07_17-55-02.xlsx,387ce8805f54b68baaeda1dbc40751927e8eb981f2b48548ffeaf833a6881d68,true
tn,33,Tamil Nadu,572,Dindigul,13,612,Local Government Directory (LGD),"Ministry of Panchayati Raj, Government of India",2026-10-07,All_Districtof_India_2026-10-07_17-55-02.xlsx,387ce8805f54b68baaeda1dbc40751927e8eb981f2b48548ffeaf833a6881d68,true
tn,33,Tamil Nadu,573,Erode,10,610,Local Government Directory (LGD),"Ministry of Panchayati Raj, Government of India",2026-10-07,All_Districtof_India_2026-10-07_17-55-02.xlsx,387ce8805f54b68baaeda1dbc40751927e8eb981f2b48548ffeaf833a6881d68,true
tn,33,Tamil Nadu,729,Kallakurichi,0,0,Local Government Directory (LGD),"Ministry of Panchayati Raj, Government of India",2026-10-07,All_Districtof_India_2026-10-07_17-55-02.xlsx,387ce8805f54b68baaeda1dbc40751927e8eb981f2b48548ffeaf833a6881d68,true
tn,33,Tamil Nadu,574,Kancheepuram,3,604,Local Government Directory (LGD),"Ministry of Panchayati Raj, Government of India",2026-10-07,All_Districtof_India_2026-10-07_17-55-02.xlsx,387ce8805f54b68baaeda1dbc40751927e8eb981f2b48548ffeaf833a6881d68,true
tn,33,Tamil Nadu,575,Kanniyakumari,30,629,Local Government Directory (LGD),"Ministry of Panchayati Raj, Government of India",2026-10-07,All_Districtof_India_2026-10-07_17-55-02.xlsx,387ce8805f54b68baaeda1dbc40751927e8eb981f2b48548ffeaf833a6881d68,true
tn,33,Tamil Nadu,576,Karur,14,613,Local Government Directory (LGD),"Ministry of Panchayati Raj, Government of India",2026-10-07,All_Districtof_India_2026-10-07_17-55-02.xlsx,387ce8805f54b68baaeda1dbc40751927e8eb981f2b48548ffeaf833a6881d68,true
tn,33,Tamil Nadu,577,Krishnagiri,5,631,Local Government Directory (LGD),"Ministry of Panchayati Raj, Government of India",2026-10-07,All_Districtof_India_2026-10-07_17-55-02.xlsx,387ce8805f54b68baaeda1dbc40751927e8eb981f2b48548ffeaf833a6881d68,true
tn,33,Tamil Nadu,578,Madurai,24,623,Local Government Directory (LGD),"Ministry of Panchayati Raj, Government of India",2026-10-07,All_Districtof_India_2026-10-07_17-55-02.xlsx,387ce8805f54b68baaeda1dbc40751927e8eb981f2b48548ffeaf833a6881d68,true
tn,33,Tamil Nadu,735,Mayiladuthurai,0,0,Local Government Directory (LGD),"Ministry of Panchayati Raj, Government of India",2026-10-07,All_Districtof_India_2026-10-07_17-55-02.xlsx,387ce8805f54b68baaeda1dbc40751927e8eb981f2b48548ffeaf833a6881d68,true
tn,33,Tamil Nadu,579,Nagapattinam,19,618,Local Government Directory (LGD),"Ministry of Panchayati Raj, Government of India",2026-10-07,All_Districtof_India_2026-10-07_17-55-02.xlsx,387ce8805f54b68baaeda1dbc40751927e8eb981f2b48548ffeaf833a6881d68,true
tn,33,Tamil Nadu,580,Namakkal,9,609,Local Government Directory (LGD),"Ministry of Panchayati Raj, Government of India",2026-10-07,All_Districtof_India_2026-10-07_17-55-02.xlsx,387ce8805f54b68baaeda1dbc40751927e8eb981f2b48548ffeaf833a6881d68,true
tn,33,Tamil Nadu,581,Perambalur,16,615,Local Government Directory (LGD),"Ministry of Panchayati Raj, Government of India",2026-10-07,All_Districtof_India_2026-10-07_17-55-02.xlsx,387ce8805f54b68baaeda1dbc40751927e8eb981f2b48548ffeaf833a6881d68,true
tn,33,Tamil Nadu,582,Pudukkottai,22,621,Local Government Directory (LGD),"Ministry of Panchayati Raj, Government of India",2026-10-07,All_Districtof_India_2026-10-07_17-55-02.xlsx,387ce8805f54b68baaeda1dbc40751927e8eb981f2b48548ffeaf833a6881d68,true
tn,33,Tamil Nadu,583,Ramanathapuram,27,626,Local Government Directory (LGD),"Ministry of Panchayati Raj, Government of India",2026-10-07,All_Districtof_India_2026-10-07_17-55-02.xlsx,387ce8805f54b68baaeda1dbc40751927e8eb981f2b48548ffeaf833a6881d68,true
tn,33,Tamil Nadu,731,Ranipet,0,0,Local Government Directory (LGD),"Ministry of Panchayati Raj, Government of India",2026-10-07,All_Districtof_India_2026-10-07_17-55-02.xlsx,387ce8805f54b68baaeda1dbc40751927e8eb981f2b48548ffeaf833a6881d68,true
tn,33,Tamil Nadu,584,Salem,8,608,Local Government Directory (LGD),"Ministry of Panchayati Raj, Government of India",2026-10-07,All_Districtof_India_2026-10-07_17-55-02.xlsx,387ce8805f54b68baaeda1dbc40751927e8eb981f2b48548ffeaf833a6881d68,true
tn,33,Tamil Nadu,585,Sivaganga,23,622,Local Government Directory (LGD),"Ministry of Panchayati Raj, Government of India",2026-10-07,All_Districtof_India_2026-10-07_17-55-02.xlsx,387ce8805f54b68baaeda1dbc40751927e8eb981f2b48548ffeaf833a6881d68,true
tn,33,Tamil Nadu,733,Tenkasi,0,0,Local Government Directory (LGD),"Ministry of Panchayati Raj, Government of India",2026-10-07,All_Districtof_India_2026-10-07_17-55-02.xlsx,387ce8805f54b68baaeda1dbc40751927e8eb981f2b48548ffeaf833a6881d68,true
tn,33,Tamil Nadu,586,Thanjavur,21,620,Local Government Directory (LGD),"Ministry of Panchayati Raj, Government of India",2026-10-07,All_Districtof_India_2026-10-07_17-55-02.xlsx,387ce8805f54b68baaeda1dbc40751927e8eb981f2b48548ffeaf833a6881d68,true
tn,33,Tamil Nadu,588,Theni,25,624,Local Government Directory (LGD),"Ministry of Panchayati Raj, Government of India",2026-10-07,All_Districtof_India_2026-10-07_17-55-02.xlsx,387ce8805f54b68baaeda1dbc40751927e8eb981f2b48548ffeaf833a6881d68,true
tn,33,Tamil Nadu,587,The Nilgiris,11,611,Local Government Directory (LGD),"Ministry of Panchayati Raj, Government of India",2026-10-07,All_Districtof_India_2026-10-07_17-55-02.xlsx,387ce8805f54b68baaeda1dbc40751927e8eb981f2b48548ffeaf833a6881d68,true
tn,33,Tamil Nadu,589,Thiruvallur,1,602,Local Government Directory (LGD),"Ministry of Panchayati Raj, Government of India",2026-10-07,All_Districtof_India_2026-10-07_17-55-02.xlsx,387ce8805f54b68baaeda1dbc40751927e8eb981f2b48548ffeaf833a6881d68,true
tn,33,Tamil Nadu,590,Thiruvarur,20,619,Local Government Directory (LGD),"Ministry of Panchayati Raj, Government of India",2026-10-07,All_Districtof_India_2026-10-07_17-55-02.xlsx,387ce8805f54b68baaeda1dbc40751927e8eb981f2b48548ffeaf833a6881d68,true
tn,33,Tamil Nadu,594,Thoothukkudi,28,627,Local Government Directory (LGD),"Ministry of Panchayati Raj, Government of India",2026-10-07,All_Districtof_India_2026-10-07_17-55-02.xlsx,387ce8805f54b68baaeda1dbc40751927e8eb981f2b48548ffeaf833a6881d68,true
tn,33,Tamil Nadu,591,Tiruchirappalli,15,614,Local Government Directory (LGD),"Ministry of Panchayati Raj, Government of India",2026-10-07,All_Districtof_India_2026-10-07_17-55-02.xlsx,387ce8805f54b68baaeda1dbc40751927e8eb981f2b48548ffeaf833a6881d68,true
tn,33,Tamil Nadu,592,Tirunelveli,29,628,Local Government Directory (LGD),"Ministry of Panchayati Raj, Government of India",2026-10-07,All_Districtof_India_2026-10-07_17-55-02.xlsx,387ce8805f54b68baaeda1dbc40751927e8eb981f2b48548ffeaf833a6881d68,true
tn,33,Tamil Nadu,732,Tirupathur,0,0,Local Government Directory (LGD),"Ministry of Panchayati Raj, Government of India",2026-10-07,All_Districtof_India_2026-10-07_17-55-02.xlsx,387ce8805f54b68baaeda1dbc40751927e8eb981f2b48548ffeaf833a6881d68,true
tn,33,Tamil Nadu,634,Tiruppur,0,633,Local Government Directory (LGD),"Ministry of Panchayati Raj, Government of India",2026-10-07,All_Districtof_India_2026-10-07_17-55-02.xlsx,387ce8805f54b68baaeda1dbc40751927e8eb981f2b48548ffeaf833a6881d68,true
tn,33,Tamil Nadu,593,Tiruvannamalai,6,606,Local Government Directory (LGD),"Ministry of Panchayati Raj, Government of India",2026-10-07,All_Districtof_India_2026-10-07_17-55-02.xlsx,387ce8805f54b68baaeda1dbc40751927e8eb981f2b48548ffeaf833a6881d68,true
tn,33,Tamil Nadu,595,Vellore,4,605,Local Government Directory (LGD),"Ministry of Panchayati Raj, Government of India",2026-10-07,All_Districtof_India_2026-10-07_17-55-02.xlsx,387ce8805f54b68baaeda1dbc40751927e8eb981f2b48548ffeaf833a6881d68,true
tn,33,Tamil Nadu,596,Viluppuram,7,607,Local Government Directory (LGD),"Ministry of Panchayati Raj, Government of India",2026-10-07,All_Districtof_India_2026-10-07_17-55-02.xlsx,387ce8805f54b68baaeda1dbc40751927e8eb981f2b48548ffeaf833a6881d68,true
tn,33,Tamil Nadu,597,Virudhunagar,26,625,Local Government Directory (LGD),"Ministry of Panchayati Raj, Government of India",2026-10-07,All_Districtof_India_2026-10-07_17-55-02.xlsx,387ce8805f54b68baaeda1dbc40751927e8eb981f2b48548ffeaf833a6881d68,true
tg,36,Telangana,501,Adilabad,1,532,Local Government Directory (LGD),"Ministry of Panchayati Raj, Government of India",2026-10-07,All_Districtof_India_2026-10-07_17-55-02.xlsx,387ce8805f54b68baaeda1dbc40751927e8eb981f2b48548ffeaf833a6881d68,true
tg,36,Telangana,690,Bhadradri Kothagudem,0,0,Local Government Directory (LGD),"Ministry of Panchayati Raj, Government of India",2026-10-07,All_Districtof_India_2026-10-07_17-55-02.xlsx,387ce8805f54b68baaeda1dbc40751927e8eb981f2b48548ffeaf833a6881d68,true
tg,36,Telangana,686,Hanumakonda,0,0,Local Government Directory (LGD),"Ministry of Panchayati Raj, Government of India",2026-10-07,All_Districtof_India_2026-10-07_17-55-02.xlsx,387ce8805f54b68baaeda1dbc40751927e8eb981f2b48548ffeaf833a6881d68,true
tg,36,Telangana,507,Hyderabad,5,536,Local Government Directory (LGD),"Ministry of Panchayati Raj, Government of India",2026-10-07,All_Districtof_India_2026-10-07_17-55-02.xlsx,387ce8805f54b68baaeda1dbc40751927e8eb981f2b48548ffeaf833a6881d68,true
tg,36,Telangana,681,Jagitial,0,0,Local Government Directory (LGD),"Ministry of Panchayati Raj, Government of India",2026-10-07,All_Districtof_India_2026-10-07_17-55-02.xlsx,387ce8805f54b68baaeda1dbc40751927e8eb981f2b48548ffeaf833a6881d68,true
tg,36,Telangana,689,Jangoan,0,0,Local Government Directory (LGD),"Ministry of Panchayati Raj, Government of India",2026-10-07,All_Districtof_India_2026-10-07_17-55-02.xlsx,387ce8805f54b68baaeda1dbc40751927e8eb981f2b48548ffeaf833a6881d68,true
tg,36,Telangana,687,Jayashankar Bhupalapally,0,0,Local Government Directory (LGD),"Ministry of Panchayati Raj, Government of India",2026-10-07,All_Districtof_India_2026-10-07_17-55-02.xlsx,387ce8805f54b68baaeda1dbc40751927e8eb981f2b48548ffeaf833a6881d68,true
tg,36,Telangana,695,Jogulamba Gadwal,0,0,Local Government Directory (LGD),"Ministry of Panchayati Raj, Government of India",2026-10-07,All_Districtof_India_2026-10-07_17-55-02.xlsx,387ce8805f54b68baaeda1dbc40751927e8eb981f2b48548ffeaf833a6881d68,true
tg,36,Telangana,685,Kamareddy,0,0,Local Government Directory (LGD),"Ministry of Panchayati Raj, Government of India",2026-10-07,All_Districtof_India_2026-10-07_17-55-02.xlsx,387ce8805f54b68baaeda1dbc40751927e8eb981f2b48548ffeaf833a6881d68,true
tg,36,Telangana,508,Karimnagar,3,534,Local Government Directory (LGD),"Ministry of Panchayati Raj, Government of India",2026-10-07,All_Districtof_India_2026-10-07_17-55-02.xlsx,387ce8805f54b68baaeda1dbc40751927e8eb981f2b48548ffeaf833a6881d68,true
tg,36,Telangana,509,Khammam,10,541,Local Government Directory (LGD),"Ministry of Panchayati Raj, Government of India",2026-10-07,All_Districtof_India_2026-10-07_17-55-02.xlsx,387ce8805f54b68baaeda1dbc40751927e8eb981f2b48548ffeaf833a6881d68,true
tg,36,Telangana,699,Kumuram Bheem Asifabad,0,0,Local Government Directory (LGD),"Ministry of Panchayati Raj, Government of India",2026-10-07,All_Districtof_India_2026-10-07_17-55-02.xlsx,387ce8805f54b68baaeda1dbc40751927e8eb981f2b48548ffeaf833a6881d68,true
tg,36,Telangana,688,Mahabubabad,0,0,Local Government Directory (LGD),"Ministry of Panchayati Raj, Government of India",2026-10-07,All_Districtof_India_2026-10-07_17-55-02.xlsx,387ce8805f54b68baaeda1dbc40751927e8eb981f2b48548ffeaf833a6881d68,true
tg,36,Telangana,512,Mahabubnagar,7,538,Local Government Directory (LGD),"Ministry of Panchayati Raj, Government of India",2026-10-07,All_Districtof_India_2026-10-07_17-55-02.xlsx,387ce8805f54b68baaeda1dbc40751927e8eb981f2b48548ffeaf833a6881d68,true
tg,36,Telangana,684,Mancherial,0,0,Local Government Directory (LGD),"Ministry of Panchayati Raj, Government of India",2026-10-07,All_Districtof_India_2026-10-07_17-55-02.xlsx,387ce8805f54b68baaeda1dbc40751927e8eb981f2b48548ffeaf833a6881d68,true
tg,36,Telangana,513,Medak,4,535,Local Government Directory (LGD),"Ministry of Panchayati Raj, Government of India",2026-10-07,All_Districtof_India_2026-10-07_17-55-02.xlsx,387ce8805f54b68baaeda1dbc40751927e8eb981f2b48548ffeaf833a6881d68,true
tg,36,Telangana,700,Medchal Malkajgiri,0,0,Local Government Directory (LGD),"Ministry of Panchayati Raj, Government of India",2026-10-07,All_Districtof_India_2026-10-07_17-55-02.xlsx,387ce8805f54b68baaeda1dbc40751927e8eb981f2b48548ffeaf833a6881d68,true
tg,36,Telangana,720,Mulugu,0,0,Local Government Directory (LGD),"Ministry of Panchayati Raj, Government of India",2026-10-07,All_Districtof_India_2026-10-07_17-55-02.xlsx,387ce8805f54b68baaeda1dbc40751927e8eb981f2b48548ffeaf833a6881d68,true
tg,36,Telangana,694,Nagarkurnool,0,0,Local Government Directory (LGD),"Ministry of Panchayati Raj, Government of India",2026-10-07,All_Districtof_India_2026-10-07_17-55-02.xlsx,387ce8805f54b68baaeda1dbc40751927e8eb981f2b48548ffeaf833a6881d68,true
tg,36,Telangana,514,Nalgonda,8,539,Local Government Directory (LGD),"Ministry of Panchayati Raj, Government of India",2026-10-07,All_Districtof_India_2026-10-07_17-55-02.xlsx,387ce8805f54b68baaeda1dbc40751927e8eb981f2b48548ffeaf833a6881d68,true
tg,36,Telangana,721,Narayanpet,0,0,Local Government Directory (LGD),"Ministry of Panchayati Raj, Government of India",2026-10-07,All_Districtof_India_2026-10-07_17-55-02.xlsx,387ce8805f54b68baaeda1dbc40751927e8eb981f2b48548ffeaf833a6881d68,true
tg,36,Telangana,680,Nirmal,0,0,Local Government Directory (LGD),"Ministry of Panchayati Raj, Government of India",2026-10-07,All_Districtof_India_2026-10-07_17-55-02.xlsx,387ce8805f54b68baaeda1dbc40751927e8eb981f2b48548ffeaf833a6881d68,true
tg,36,Telangana,516,Nizamabad,2,533,Local Government Directory (LGD),"Ministry of Panchayati Raj, Government of India",2026-10-07,All_Districtof_India_2026-10-07_17-55-02.xlsx,387ce8805f54b68baaeda1dbc40751927e8eb981f2b48548ffeaf833a6881d68,true
tg,36,Telangana,682,Peddapalli,0,0,Local Government Directory (LGD),"Ministry of Panchayati Raj, Government of India",2026-10-07,All_Districtof_India_2026-10-07_17-55-02.xlsx,387ce8805f54b68baaeda1dbc40751927e8eb981f2b48548ffeaf833a6881d68,true
tg,36,Telangana,683,Rajanna Sircilla,0,0,Local Government Directory (LGD),"Ministry of Panchayati Raj, Government of India",2026-10-07,All_Districtof_India_2026-10-07_17-55-02.xlsx,387ce8805f54b68baaeda1dbc40751927e8eb981f2b48548ffeaf833a6881d68,true
tg,36,Telangana,518,Ranga Reddy,6,537,Local Government Directory (LGD),"Ministry of Panchayati Raj, Government of India",2026-10-07,All_Districtof_India_2026-10-07_17-55-02.xlsx,387ce8805f54b68baaeda1dbc40751927e8eb981f2b48548ffeaf833a6881d68,true
tg,36,Telangana,691,Sangareddy,0,0,Local Government Directory (LGD),"Ministry of Panchayati Raj, Government of India",2026-10-07,All_Districtof_India_2026-10-07_17-55-02.xlsx,387ce8805f54b68baaeda1dbc40751927e8eb981f2b48548ffeaf833a6881d68,true
tg,36,Telangana,692,Siddipet,0,0,Local Government Directory (LGD),"Ministry of Panchayati Raj, Government of India",2026-10-07,All_Districtof_India_2026-10-07_17-55-02.xlsx,387ce8805f54b68baaeda1dbc40751927e8eb981f2b48548ffeaf833a6881d68,true
tg,36,Telangana,696,Suryapet,0,0,Local Government Directory (LGD),"Ministry of Panchayati Raj, Government of India",2026-10-07,All_Districtof_India_2026-10-07_17-55-02.xlsx,387ce8805f54b68baaeda1dbc40751927e8eb981f2b48548ffeaf833a6881d68,true
tg,36,Telangana,698,Vikarabad,0,0,Local Government Directory (LGD),"Ministry of Panchayati Raj, Government of India",2026-10-07,All_Districtof_India_2026-10-07_17-55-02.xlsx,387ce8805f54b68baaeda1dbc40751927e8eb981f2b48548ffeaf833a6881d68,true
tg,36,Telangana,693,Wanaparthy,0,0,Local Government Directory (LGD),"Ministry of Panchayati Raj, Government of India",2026-10-07,All_Districtof_India_2026-10-07_17-55-02.xlsx,387ce8805f54b68baaeda1dbc40751927e8eb981f2b48548ffeaf833a6881d68,true
tg,36,Telangana,522,Warangal,9,540,Local Government Directory (LGD),"Ministry of Panchayati Raj, Government of India",2026-10-07,All_Districtof_India_2026-10-07_17-55-02.xlsx,387ce8805f54b68baaeda1dbc40751927e8eb981f2b48548ffeaf833a6881d68,true
tg,36,Telangana,697,Yadadri Bhuvanagiri,0,0,Local Government Directory (LGD),"Ministry of Panchayati Raj, Government of India",2026-10-07,All_Districtof_India_2026-10-07_17-55-02.xlsx,387ce8805f54b68baaeda1dbc40751927e8eb981f2b48548ffeaf833a6881d68,true
dd,38,The Dadra And Nagar Haveli And Daman And Diu,465,Dadra And Nagar Haveli,1,496,Local Government Directory (LGD),"Ministry of Panchayati Raj, Government of India",2026-10-07,All_Districtof_India_2026-10-07_17-55-02.xlsx,387ce8805f54b68baaeda1dbc40751927e8eb981f2b48548ffeaf833a6881d68,true
dd,38,The Dadra And Nagar Haveli And Daman And Diu,463,Daman,2,495,Local Government Directory (LGD),"Ministry of Panchayati Raj, Government of India",2026-10-07,All_Districtof_India_2026-10-07_17-55-02.xlsx,387ce8805f54b68baaeda1dbc40751927e8eb981f2b48548ffeaf833a6881d68,true
dd,38,The Dadra And Nagar Haveli And Daman And Diu,464,Diu,1,494,Local Government Directory (LGD),"Ministry of Panchayati Raj, Government of India",2026-10-07,All_Districtof_India_2026-10-07_17-55-02.xlsx,387ce8805f54b68baaeda1dbc40751927e8eb981f2b48548ffeaf833a6881d68,true
tr,16,Tripura,269,Dhalai,3,291,Local Government Directory (LGD),"Ministry of Panchayati Raj, Government of India",2026-10-07,All_Districtof_India_2026-10-07_17-55-02.xlsx,387ce8805f54b68baaeda1dbc40751927e8eb981f2b48548ffeaf833a6881d68,true
tr,16,Tripura,654,Gomati,0,0,Local Government Directory (LGD),"Ministry of Panchayati Raj, Government of India",2026-10-07,All_Districtof_India_2026-10-07_17-55-02.xlsx,387ce8805f54b68baaeda1dbc40751927e8eb981f2b48548ffeaf833a6881d68,true
tr,16,Tripura,652,Khowai,0,0,Local Government Directory (LGD),"Ministry of Panchayati Raj, Government of India",2026-10-07,All_Districtof_India_2026-10-07_17-55-02.xlsx,387ce8805f54b68baaeda1dbc40751927e8eb981f2b48548ffeaf833a6881d68,true
tr,16,Tripura,270,North Tripura,4,292,Local Government Directory (LGD),"Ministry of Panchayati Raj, Government of India",2026-10-07,All_Districtof_India_2026-10-07_17-55-02.xlsx,387ce8805f54b68baaeda1dbc40751927e8eb981f2b48548ffeaf833a6881d68,true
tr,16,Tripura,653,Sepahijala,0,0,Local Government Directory (LGD),"Ministry of Panchayati Raj, Government of India",2026-10-07,All_Districtof_India_2026-10-07_17-55-02.xlsx,387ce8805f54b68baaeda1dbc40751927e8eb981f2b48548ffeaf833a6881d68,true
tr,16,Tripura,271,South Tripura,2,290,Local Government Directory (LGD),"Ministry of Panchayati Raj, Government of India",2026-10-07,All_Districtof_India_2026-10-07_17-55-02.xlsx,387ce8805f54b68baaeda1dbc40751927e8eb981f2b48548ffeaf833a6881d68,true
tr,16,Tripura,655,Unakoti,0,0,Local Government Directory (LGD),"Ministry of Panchayati Raj, Government of India",2026-10-07,All_Districtof_India_2026-10-07_17-55-02.xlsx,387ce8805f54b68baaeda1dbc40751927e8eb981f2b48548ffeaf833a6881d68,true
tr,16,Tripura,272,West Tripura,1,289,Local Government Directory (LGD),"Ministry of Panchayati Raj, Government of India",2026-10-07,All_Districtof_India_2026-10-07_17-55-02.xlsx,387ce8805f54b68baaeda1dbc40751927e8eb981f2b48548ffeaf833a6881d68,true
uk,5,Uttarakhand,45,Almora,9,64,Local Government Directory (LGD),"Ministry of Panchayati Raj, Government of India",2026-10-07,All_Districtof_India_2026-10-07_17-55-02.xlsx,387ce8805f54b68baaeda1dbc40751927e8eb981f2b48548ffeaf833a6881d68,true
uk,5,Uttarakhand,46,Bageshwar,8,63,Local Government Directory (LGD),"Ministry of Panchayati Raj, Government of India",2026-10-07,All_Districtof_India_2026-10-07_17-55-02.xlsx,387ce8805f54b68baaeda1dbc40751927e8eb981f2b48548ffeaf833a6881d68,true
uk,5,Uttarakhand,47,Chamoli,2,57,Local Government Directory (LGD),"Ministry of Panchayati Raj, Government of India",2026-10-07,All_Districtof_India_2026-10-07_17-55-02.xlsx,387ce8805f54b68baaeda1dbc40751927e8eb981f2b48548ffeaf833a6881d68,true
uk,5,Uttarakhand,48,Champawat,10,65,Local Government Directory (LGD),"Ministry of Panchayati Raj, Government of India",2026-10-07,All_Districtof_India_2026-10-07_17-55-02.xlsx,387ce8805f54b68baaeda1dbc40751927e8eb981f2b48548ffeaf833a6881d68,true
uk,5,Uttarakhand,49,Dehradun,5,60,Local Government Directory (LGD),"Ministry of Panchayati Raj, Government of India",2026-10-07,All_Districtof_India_2026-10-07_17-55-02.xlsx,387ce8805f54b68baaeda1dbc40751927e8eb981f2b48548ffeaf833a6881d68,true
uk,5,Uttarakhand,50,Haridwar,13,68,Local Government Directory (LGD),"Ministry of Panchayati Raj, Government of India",2026-10-07,All_Districtof_India_2026-10-07_17-55-02.xlsx,387ce8805f54b68baaeda1dbc40751927e8eb981f2b48548ffeaf833a6881d68,true
uk,5,Uttarakhand,51,Nainital,11,66,Local Government Directory (LGD),"Ministry of Panchayati Raj, Government of India",2026-10-07,All_Districtof_India_2026-10-07_17-55-02.xlsx,387ce8805f54b68baaeda1dbc40751927e8eb981f2b48548ffeaf833a6881d68,true
uk,5,Uttarakhand,52,Pauri Garhwal,6,61,Local Government Directory (LGD),"Ministry of Panchayati Raj, Government of India",2026-10-07,All_Districtof_India_2026-10-07_17-55-02.xlsx,387ce8805f54b68baaeda1dbc40751927e8eb981f2b48548ffeaf833a6881d68,true
uk,5,Uttarakhand,53,Pithoragarh,7,62,Local Government Directory (LGD),"Ministry of Panchayati Raj, Government of India",2026-10-07,All_Districtof_India_2026-10-07_17-55-02.xlsx,387ce8805f54b68baaeda1dbc40751927e8eb981f2b48548ffeaf833a6881d68,true
uk,5,Uttarakhand,54,Rudraprayag,3,58,Local Government Directory (LGD),"Ministry of Panchayati Raj, Government of India",2026-10-07,All_Districtof_India_2026-10-07_17-55-02.xlsx,387ce8805f54b68baaeda1dbc40751927e8eb981f2b48548ffeaf833a6881d68,true
uk,5,Uttarakhand,55,Tehri Garhwal,4,59,Local Government Directory (LGD),"Ministry of Panchayati Raj, Government of India",2026-10-07,All_Districtof_India_2026-10-07_17-55-02.xlsx,387ce8805f54b68baaeda1dbc40751927e8eb981f2b48548ffeaf833a6881d68,true
uk,5,Uttarakhand,56,Udham Singh Nagar,12,67,Local Government Directory (LGD),"Ministry of Panchayati Raj, Government of India",2026-10-07,All_Districtof_India_2026-10-07_17-55-02.xlsx,387ce8805f54b68baaeda1dbc40751927e8eb981f2b48548ffeaf833a6881d68,true
uk,5,Uttarakhand,57,Uttarkashi,1,56,Local Government Directory (LGD),"Ministry of Panchayati Raj, Government of India",2026-10-07,All_Districtof_India_2026-10-07_17-55-02.xlsx,387ce8805f54b68baaeda1dbc40751927e8eb981f2b48548ffeaf833a6881d68,true
up,9,Uttar Pradesh,118,Agra,15,146,Local Government Directory (LGD),"Ministry of Panchayati Raj, Government of India",2026-10-07,All_Districtof_India_2026-10-07_17-55-02.xlsx,387ce8805f54b68baaeda1dbc40751927e8eb981f2b48548ffeaf833a6881d68,true
up,9,Uttar Pradesh,119,Aligarh,12,143,Local Government Directory (LGD),"Ministry of Panchayati Raj, Government of India",2026-10-07,All_Districtof_India_2026-10-07_17-55-02.xlsx,387ce8805f54b68baaeda1dbc40751927e8eb981f2b48548ffeaf833a6881d68,true
up,9,Uttar Pradesh,121,Ambedkar Nagar,48,178,Local Government Directory (LGD),"Ministry of Panchayati Raj, Government of India",2026-10-07,All_Districtof_India_2026-10-07_17-55-02.xlsx,387ce8805f54b68baaeda1dbc40751927e8eb981f2b48548ffeaf833a6881d68,true
up,9,Uttar Pradesh,640,Amethi,0,0,Local Government Directory (LGD),"Ministry of Panchayati Raj, Government of India",2026-10-07,All_Districtof_India_2026-10-07_17-55-02.xlsx,387ce8805f54b68baaeda1dbc40751927e8eb981f2b48548ffeaf833a6881d68,true
up,9,Uttar Pradesh,154,Amroha,6,137,Local Government Directory (LGD),"Ministry of Panchayati Raj, Government of India",2026-10-07,All_Districtof_India_2026-10-07_17-55-02.xlsx,387ce8805f54b68baaeda1dbc40751927e8eb981f2b48548ffeaf833a6881d68,true
up,9,Uttar Pradesh,122,Auraiya,32,162,Local Government Directory (LGD),"Ministry of Panchayati Raj, Government of India",2026-10-07,All_Districtof_India_2026-10-07_17-55-02.xlsx,387ce8805f54b68baaeda1dbc40751927e8eb981f2b48548ffeaf833a6881d68,true
up,9,Uttar Pradesh,140,Ayodhya,47,177,Local Government Directory (LGD),"Ministry of Panchayati Raj, Government of India",2026-10-07,All_Districtof_India_2026-10-07_17-55-02.xlsx,387ce8805f54b68baaeda1dbc40751927e8eb981f2b48548ffeaf833a6881d68,true
up,9,Uttar Pradesh,123,Azamgarh,61,191,Local Government Directory (LGD),"Ministry of Panchayati Raj, Government of India",2026-10-07,All_Districtof_India_2026-10-07_17-55-02.xlsx,387ce8805f54b68baaeda1dbc40751927e8eb981f2b48548ffeaf833a6881d68,true
up,9,Uttar Pradesh,124,Baghpat,8,139,Local Government Directory (LGD),"Ministry of Panchayati Raj, Government of India",2026-10-07,All_Districtof_India_2026-10-07_17-55-02.xlsx,387ce8805f54b68baaeda1dbc40751927e8eb981f2b48548ffeaf833a6881d68,true
up,9,Uttar Pradesh,125,Bahraich,50,180,Local Government Directory (LGD),"Ministry of Panchayati Raj, Government of India",2026-10-07,All_Districtof_India_2026-10-07_17-55-02.xlsx,387ce8805f54b68baaeda1dbc40751927e8eb981f2b48548ffeaf833a6881d68,true
up,9,Uttar Pradesh,126,Ballia,63,193,Local Government Directory (LGD),"Ministry of Panchayati Raj, Government of India",2026-10-07,All_Districtof_India_2026-10-07_17-55-02.xlsx,387ce8805f54b68baaeda1dbc40751927e8eb981f2b48548ffeaf833a6881d68,true
up,9,Uttar Pradesh,127,Balrampur,52,182,Local Government Directory (LGD),"Ministry of Panchayati Raj, Government of India",2026-10-07,All_Districtof_India_2026-10-07_17-55-02.xlsx,387ce8805f54b68baaeda1dbc40751927e8eb981f2b48548ffeaf833a6881d68,true
up,9,Uttar Pradesh,128,Banda,40,170,Local Government Directory (LGD),"Ministry of Panchayati Raj, Government of India",2026-10-07,All_Districtof_India_2026-10-07_17-55-02.xlsx,387ce8805f54b68baaeda1dbc40751927e8eb981f2b48548ffeaf833a6881d68,true
up,9,Uttar Pradesh,129,Bara Banki,46,176,Local Government Directory (LGD),"Ministry of Panchayati Raj, Government of India",2026-10-07,All_Districtof_India_2026-10-07_17-55-02.xlsx,387ce8805f54b68baaeda1dbc40751927e8eb981f2b48548ffeaf833a6881d68,true
up,9,Uttar Pradesh,130,Bareilly,20,150,Local Government Directory (LGD),"Ministry of Panchayati Raj, Government of India",2026-10-07,All_Districtof_India_2026-10-07_17-55-02.xlsx,387ce8805f54b68baaeda1dbc40751927e8eb981f2b48548ffeaf833a6881d68,true
up,9,Uttar Pradesh,131,Basti,55,185,Local Government Directory (LGD),"Ministry of Panchayati Raj, Government of India",2026-10-07,All_Districtof_India_2026-10-07_17-55-02.xlsx,387ce8805f54b68baaeda1dbc40751927e8eb981f2b48548ffeaf833a6881d68,true
up,9,Uttar Pradesh,179,Bhadohi,68,198,Local Government Directory (LGD),"Ministry of Panchayati Raj, Government of India",2026-10-07,All_Districtof_India_2026-10-07_17-55-02.xlsx,387ce8805f54b68baaeda1dbc40751927e8eb981f2b48548ffeaf833a6881d68,true
up,9,Uttar Pradesh,132,Bijnor,3,134,Local Government Directory (LGD),"Ministry of Panchayati Raj, Government of India",2026-10-07,All_Districtof_India_2026-10-07_17-55-02.xlsx,387ce8805f54b68baaeda1dbc40751927e8eb981f2b48548ffeaf833a6881d68,true
up,9,Uttar Pradesh,133,Budaun,19,149,Local Government Directory (LGD),"Ministry of Panchayati Raj, Government of India",2026-10-07,All_Districtof_India_2026-10-07_17-55-02.xlsx,387ce8805f54b68baaeda1dbc40751927e8eb981f2b48548ffeaf833a6881d68,true
up,9,Uttar Pradesh,134,Bulandshahr,11,142,Local Government Directory (LGD),"Ministry of Panchayati Raj, Government of India",2026-10-07,All_Districtof_India_2026-10-07_17-55-02.xlsx,387ce8805f54b68baaeda1dbc40751927e8eb981f2b48548ffeaf833a6881d68,true
up,9,Uttar Pradesh,135,Chandauli,66,196,Local Government Directory (LGD),"Ministry of Panchayati Raj, Government of India",2026-10-07,All_Districtof_India_2026-10-07_17-55-02.xlsx,387ce8805f54b68baaeda1dbc40751927e8eb981f2b48548ffeaf833a6881d68,true
up,9,Uttar Pradesh,136,Chitrakoot,41,171,Local Government Directory (LGD),"Ministry of Panchayati Raj, Government of India",2026-10-07,All_Districtof_India_2026-10-07_17-55-02.xlsx,387ce8805f54b68baaeda1dbc40751927e8eb981f2b48548ffeaf833a6881d68,true
up,9,Uttar Pradesh,137,Deoria,60,190,Local Government Directory (LGD),"Ministry of Panchayati Raj, Government of India",2026-10-07,All_Districtof_India_2026-10-07_17-55-02.xlsx,387ce8805f54b68baaeda1dbc40751927e8eb981f2b48548ffeaf833a6881d68,true
up,9,Uttar Pradesh,138,Etah,17,201,Local Government Directory (LGD),"Ministry of Panchayati Raj, Government of India",2026-10-07,All_Districtof_India_2026-10-07_17-55-02.xlsx,387ce8805f54b68baaeda1dbc40751927e8eb981f2b48548ffeaf833a6881d68,true
up,9,Uttar Pradesh,139,Etawah,31,161,Local Government Directory (LGD),"Ministry of Panchayati Raj, Government of India",2026-10-07,All_Districtof_India_2026-10-07_17-55-02.xlsx,387ce8805f54b68baaeda1dbc40751927e8eb981f2b48548ffeaf833a6881d68,true
up,9,Uttar Pradesh,141,Farrukhabad,29,159,Local Government Directory (LGD),"Ministry of Panchayati Raj, Government of India",2026-10-07,All_Districtof_India_2026-10-07_17-55-02.xlsx,387ce8805f54b68baaeda1dbc40751927e8eb981f2b48548ffeaf833a6881d68,true
up,9,Uttar Pradesh,142,Fatehpur,42,172,Local Government Directory (LGD),"Ministry of Panchayati Raj, Government of India",2026-10-07,All_Districtof_India_2026-10-07_17-55-02.xlsx,387ce8805f54b68baaeda1dbc40751927e8eb981f2b48548ffeaf833a6881d68,true
up,9,Uttar Pradesh,143,Firozabad,16,147,Local Government Directory (LGD),"Ministry of Panchayati Raj, Government of India",2026-10-07,All_Districtof_India_2026-10-07_17-55-02.xlsx,387ce8805f54b68baaeda1dbc40751927e8eb981f2b48548ffeaf833a6881d68,true
up,9,Uttar Pradesh,144,Gautam Buddha Nagar,10,141,Local Government Directory (LGD),"Ministry of Panchayati Raj, Government of India",2026-10-07,All_Districtof_India_2026-10-07_17-55-02.xlsx,387ce8805f54b68baaeda1dbc40751927e8eb981f2b48548ffeaf833a6881d68,true
up,9,Uttar Pradesh,145,Ghaziabad,9,140,Local Government Directory (LGD),"Ministry of Panchayati Raj, Government of India",2026-10-07,All_Districtof_India_2026-10-07_17-55-02.xlsx,387ce8805f54b68baaeda1dbc40751927e8eb981f2b48548ffeaf833a6881d68,true
up,9,Uttar Pradesh,146,Ghazipur,65,195,Local Government Directory (LGD),"Ministry of Panchayati Raj, Government of India",2026-10-07,All_Districtof_India_2026-10-07_17-55-02.xlsx,387ce8805f54b68baaeda1dbc40751927e8eb981f2b48548ffeaf833a6881d68,true
up,9,Uttar Pradesh,147,Gonda,53,183,Local Government Directory (LGD),"Ministry of Panchayati Raj, Government of India",2026-10-07,All_Districtof_India_2026-10-07_17-55-02.xlsx,387ce8805f54b68baaeda1dbc40751927e8eb981f2b48548ffeaf833a6881d68,true
up,9,Uttar Pradesh,148,Gorakhpur,58,188,Local Government Directory (LGD),"Ministry of Panchayati Raj, Government of India",2026-10-07,All_Districtof_India_2026-10-07_17-55-02.xlsx,387ce8805f54b68baaeda1dbc40751927e8eb981f2b48548ffeaf833a6881d68,true
up,9,Uttar Pradesh,149,Hamirpur,38,168,Local Government Directory (LGD),"Ministry of Panchayati Raj, Government of India",2026-10-07,All_Districtof_India_2026-10-07_17-55-02.xlsx,387ce8805f54b68baaeda1dbc40751927e8eb981f2b48548ffeaf833a6881d68,true
up,9,Uttar Pradesh,661,Hapur,0,0,Local Government Directory (LGD),"Ministry of Panchayati Raj, Government of India",2026-10-07,All_Districtof_India_2026-10-07_17-55-02.xlsx,387ce8805f54b68baaeda1dbc40751927e8eb981f2b48548ffeaf833a6881d68,true
up,9,Uttar Pradesh,150,Hardoi,25,155,Local Government Directory (LGD),"Ministry of Panchayati Raj, Government of India",2026-10-07,All_Districtof_India_2026-10-07_17-55-02.xlsx,387ce8805f54b68baaeda1dbc40751927e8eb981f2b48548ffeaf833a6881d68,true
up,9,Uttar Pradesh,163,Hathras,13,144,Local Government Directory (LGD),"Ministry of Panchayati Raj, Government of India",2026-10-07,All_Districtof_India_2026-10-07_17-55-02.xlsx,387ce8805f54b68baaeda1dbc40751927e8eb981f2b48548ffeaf833a6881d68,true
up,9,Uttar Pradesh,151,Jalaun,35,165,Local Government Directory (LGD),"Ministry of Panchayati Raj, Government of India",2026-10-07,All_Districtof_India_2026-10-07_17-55-02.xlsx,387ce8805f54b68baaeda1dbc40751927e8eb981f2b48548ffeaf833a6881d68,true
up,9,Uttar Pradesh,152,Jaunpur,64,194,Local Government Directory (LGD),"Ministry of Panchayati Raj, Government of India",2026-10-07,All_Districtof_India_2026-10-07_17-55-02.xlsx,387ce8805f54b68baaeda1dbc40751927e8eb981f2b48548ffeaf833a6881d68,true
up,9,Uttar Pradesh,153,Jhansi,36,166,Local Government Directory (LGD),"Ministry of Panchayati Raj, Government of India",2026-10-07,All_Districtof_India_2026-10-07_17-55-02.xlsx,387ce8805f54b68baaeda1dbc40751927e8eb981f2b48548ffeaf833a6881d68,true
up,9,Uttar Pradesh,155,Kannauj,30,160,Local Government Directory (LGD),"Ministry of Panchayati Raj, Government of India",2026-10-07,All_Districtof_India_2026-10-07_17-55-02.xlsx,387ce8805f54b68baaeda1dbc40751927e8eb981f2b48548ffeaf833a6881d68,true
up,9,Uttar Pradesh,156,Kanpur Dehat,33,163,Local Government Directory (LGD),"Ministry of Panchayati Raj, Government of India",2026-10-07,All_Districtof_India_2026-10-07_17-55-02.xlsx,387ce8805f54b68baaeda1dbc40751927e8eb981f2b48548ffeaf833a6881d68,true
up,9,Uttar Pradesh,157,Kanpur Nagar,34,164,Local Government Directory (LGD),"Ministry of Panchayati Raj, Government of India",2026-10-07,All_Districtof_India_2026-10-07_17-55-02.xlsx,387ce8805f54b68baaeda1dbc40751927e8eb981f2b48548ffeaf833a6881d68,true
up,9,Uttar Pradesh,633,Kasganj,0,202,Local Government Directory (LGD),"Ministry of Panchayati Raj, Government of India",2026-10-07,All_Districtof_India_2026-10-07_17-55-02.xlsx,387ce8805f54b68baaeda1dbc40751927e8eb981f2b48548ffeaf833a6881d68,true
up,9,Uttar Pradesh,158,Kaushambi,44,174,Local Government Directory (LGD),"Ministry of Panchayati Raj, Government of India",2026-10-07,All_Districtof_India_2026-10-07_17-55-02.xlsx,387ce8805f54b68baaeda1dbc40751927e8eb981f2b48548ffeaf833a6881d68,true
up,9,Uttar Pradesh,159,Kheri,23,153,Local Government Directory (LGD),"Ministry of Panchayati Raj, Government of India",2026-10-07,All_Districtof_India_2026-10-07_17-55-02.xlsx,387ce8805f54b68baaeda1dbc40751927e8eb981f2b48548ffeaf833a6881d68,true
up,9,Uttar Pradesh,160,Kushinagar,59,189,Local Government Directory (LGD),"Ministry of Panchayati Raj, Government of India",2026-10-07,All_Districtof_India_2026-10-07_17-55-02.xlsx,387ce8805f54b68baaeda1dbc40751927e8eb981f2b48548ffeaf833a6881d68,true
up,9,Uttar Pradesh,161,Lalitpur,37,167,Local Government Directory (LGD),"Ministry of Panchayati Raj, Government of India",2026-10-07,All_Districtof_India_2026-10-07_17-55-02.xlsx,387ce8805f54b68baaeda1dbc40751927e8eb981f2b48548ffeaf833a6881d68,true
up,9,Uttar Pradesh,162,Lucknow,27,157,Local Government Directory (LGD),"Ministry of Panchayati Raj, Government of India",2026-10-07,All_Districtof_India_2026-10-07_17-55-02.xlsx,387ce8805f54b68baaeda1dbc40751927e8eb981f2b48548ffeaf833a6881d68,true
up,9,Uttar Pradesh,165,Mahoba,39,169,Local Government Directory (LGD),"Ministry of Panchayati Raj, Government of India",2026-10-07,All_Districtof_India_2026-10-07_17-55-02.xlsx,387ce8805f54b68baaeda1dbc40751927e8eb981f2b48548ffeaf833a6881d68,true
up,9,Uttar Pradesh,164,Mahrajganj,57,187,Local Government Directory (LGD),"Ministry of Panchayati Raj, Government of India",2026-10-07,All_Districtof_India_2026-10-07_17-55-02.xlsx,387ce8805f54b68baaeda1dbc40751927e8eb981f2b48548ffeaf833a6881d68,true
up,9,Uttar Pradesh,166,Mainpuri,18,148,Local Government Directory (LGD),"Ministry of Panchayati Raj, Government of India",2026-10-07,All_Districtof_India_2026-10-07_17-55-02.xlsx,387ce8805f54b68baaeda1dbc40751927e8eb981f2b48548ffeaf833a6881d68,true
up,9,Uttar Pradesh,167,Mathura,14,145,Local Government Directory (LGD),"Ministry of Panchayati Raj, Government of India",2026-10-07,All_Districtof_India_2026-10-07_17-55-02.xlsx,387ce8805f54b68baaeda1dbc40751927e8eb981f2b48548ffeaf833a6881d68,true
up,9,Uttar Pradesh,168,Mau,62,192,Local Government Directory (LGD),"Ministry of Panchayati Raj, Government of India",2026-10-07,All_Districtof_India_2026-10-07_17-55-02.xlsx,387ce8805f54b68baaeda1dbc40751927e8eb981f2b48548ffeaf833a6881d68,true
up,9,Uttar Pradesh,169,Meerut,7,138,Local Government Directory (LGD),"Ministry of Panchayati Raj, Government of India",2026-10-07,All_Districtof_India_2026-10-07_17-55-02.xlsx,387ce8805f54b68baaeda1dbc40751927e8eb981f2b48548ffeaf833a6881d68,true
up,9,Uttar Pradesh,170,Mirzapur,69,199,Local Government Directory (LGD),"Ministry of Panchayati Raj, Government of India",2026-10-07,All_Districtof_India_2026-10-07_17-55-02.xlsx,387ce8805f54b68baaeda1dbc40751927e8eb981f2b48548ffeaf833a6881d68,true
up,9,Uttar Pradesh,171,Moradabad,4,135,Local Government Directory (LGD),"Ministry of Panchayati Raj, Government of India",2026-10-07,All_Districtof_India_2026-10-07_17-55-02.xlsx,387ce8805f54b68baaeda1dbc40751927e8eb981f2b48548ffeaf833a6881d68,true
up,9,Uttar Pradesh,172,Muzaffarnagar,2,133,Local Government Directory (LGD),"Ministry of Panchayati Raj, Government of India",2026-10-07,All_Districtof_India_2026-10-07_17-55-02.xlsx,387ce8805f54b68baaeda1dbc40751927e8eb981f2b48548ffeaf833a6881d68,true
up,9,Uttar Pradesh,173,Pilibhit,21,151,Local Government Directory (LGD),"Ministry of Panchayati Raj, Government of India",2026-10-07,All_Districtof_India_2026-10-07_17-55-02.xlsx,387ce8805f54b68baaeda1dbc40751927e8eb981f2b48548ffeaf833a6881d68,true
up,9,Uttar Pradesh,174,Pratapgarh,43,173,Local Government Directory (LGD),"Ministry of Panchayati Raj, Government of India",2026-10-07,All_Districtof_India_2026-10-07_17-55-02.xlsx,387ce8805f54b68baaeda1dbc40751927e8eb981f2b48548ffeaf833a6881d68,true
up,9,Uttar Pradesh,120,Prayagraj,45,175,Local Government Directory (LGD),"Ministry of Panchayati Raj, Government of India",2026-10-07,All_Districtof_India_2026-10-07_17-55-02.xlsx,387ce8805f54b68baaeda1dbc40751927e8eb981f2b48548ffeaf833a6881d68,true
up,9,Uttar Pradesh,175,Rae Bareli,28,158,Local Government Directory (LGD),"Ministry of Panchayati Raj, Government of India",2026-10-07,All_Districtof_India_2026-10-07_17-55-02.xlsx,387ce8805f54b68baaeda1dbc40751927e8eb981f2b48548ffeaf833a6881d68,true
up,9,Uttar Pradesh,176,Rampur,5,136,Local Government Directory (LGD),"Ministry of Panchayati Raj, Government of India",2026-10-07,All_Districtof_India_2026-10-07_17-55-02.xlsx,387ce8805f54b68baaeda1dbc40751927e8eb981f2b48548ffeaf833a6881d68,true
up,9,Uttar Pradesh,177,Saharanpur,1,132,Local Government Directory (LGD),"Ministry of Panchayati Raj, Government of India",2026-10-07,All_Districtof_India_2026-10-07_17-55-02.xlsx,387ce8805f54b68baaeda1dbc40751927e8eb981f2b48548ffeaf833a6881d68,true
up,9,Uttar Pradesh,659,Sambhal,0,0,Local Government Directory (LGD),"Ministry of Panchayati Raj, Government of India",2026-10-07,All_Districtof_India_2026-10-07_17-55-02.xlsx,387ce8805f54b68baaeda1dbc40751927e8eb981f2b48548ffeaf833a6881d68,true
up,9,Uttar Pradesh,178,Sant Kabir Nagar,56,186,Local Government Directory (LGD),"Ministry of Panchayati Raj, Government of India",2026-10-07,All_Districtof_India_2026-10-07_17-55-02.xlsx,387ce8805f54b68baaeda1dbc40751927e8eb981f2b48548ffeaf833a6881d68,true
up,9,Uttar Pradesh,180,Shahjahanpur,22,152,Local Government Directory (LGD),"Ministry of Panchayati Raj, Government of India",2026-10-07,All_Districtof_India_2026-10-07_17-55-02.xlsx,387ce8805f54b68baaeda1dbc40751927e8eb981f2b48548ffeaf833a6881d68,true
up,9,Uttar Pradesh,660,Shamli,0,0,Local Government Directory (LGD),"Ministry of Panchayati Raj, Government of India",2026-10-07,All_Districtof_India_2026-10-07_17-55-02.xlsx,387ce8805f54b68baaeda1dbc40751927e8eb981f2b48548ffeaf833a6881d68,true
up,9,Uttar Pradesh,181,Shrawasti,51,181,Local Government Directory (LGD),"Ministry of Panchayati Raj, Government of India",2026-10-07,All_Districtof_India_2026-10-07_17-55-02.xlsx,387ce8805f54b68baaeda1dbc40751927e8eb981f2b48548ffeaf833a6881d68,true
up,9,Uttar Pradesh,182,Siddharthnagar,54,184,Local Government Directory (LGD),"Ministry of Panchayati Raj, Government of India",2026-10-07,All_Districtof_India_2026-10-07_17-55-02.xlsx,387ce8805f54b68baaeda1dbc40751927e8eb981f2b48548ffeaf833a6881d68,true
up,9,Uttar Pradesh,183,Sitapur,24,154,Local Government Directory (LGD),"Ministry of Panchayati Raj, Government of India",2026-10-07,All_Districtof_India_2026-10-07_17-55-02.xlsx,387ce8805f54b68baaeda1dbc40751927e8eb981f2b48548ffeaf833a6881d68,true
up,9,Uttar Pradesh,184,Sonbhadra,70,200,Local Government Directory (LGD),"Ministry of Panchayati Raj, Government of India",2026-10-07,All_Districtof_India_2026-10-07_17-55-02.xlsx,387ce8805f54b68baaeda1dbc40751927e8eb981f2b48548ffeaf833a6881d68,true
up,9,Uttar Pradesh,185,Sultanpur,49,179,Local Government Directory (LGD),"Ministry of Panchayati Raj, Government of India",2026-10-07,All_Districtof_India_2026-10-07_17-55-02.xlsx,387ce8805f54b68baaeda1dbc40751927e8eb981f2b48548ffeaf833a6881d68,true
up,9,Uttar Pradesh,186,Unnao,26,156,Local Government Directory (LGD),"Ministry of Panchayati Raj, Government of India",2026-10-07,All_Districtof_India_2026-10-07_17-55-02.xlsx,387ce8805f54b68baaeda1dbc40751927e8eb981f2b48548ffeaf833a6881d68,true
up,9,Uttar Pradesh,187,Varanasi,67,197,Local Government Directory (LGD),"Ministry of Panchayati Raj, Government of India",2026-10-07,All_Districtof_India_2026-10-07_17-55-02.xlsx,387ce8805f54b68baaeda1dbc40751927e8eb981f2b48548ffeaf833a6881d68,true
wb,19,West Bengal,664,Alipurduar,0,0,Local Government Directory (LGD),"Ministry of Panchayati Raj, Government of India",2026-10-07,All_Districtof_India_2026-10-07_17-55-02.xlsx,387ce8805f54b68baaeda1dbc40751927e8eb981f2b48548ffeaf833a6881d68,true
wb,19,West Bengal,305,Bankura,13,339,Local Government Directory (LGD),"Ministry of Panchayati Raj, Government of India",2026-10-07,All_Districtof_India_2026-10-07_17-55-02.xlsx,387ce8805f54b68baaeda1dbc40751927e8eb981f2b48548ffeaf833a6881d68,true
wb,19,West Bengal,307,Birbhum,8,334,Local Government Directory (LGD),"Ministry of Panchayati Raj, Government of India",2026-10-07,All_Districtof_India_2026-10-07_17-55-02.xlsx,387ce8805f54b68baaeda1dbc40751927e8eb981f2b48548ffeaf833a6881d68,true
wb,19,West Bengal,308,Cooch Behar,3,329,Local Government Directory (LGD),"Ministry of Panchayati Raj, Government of India",2026-10-07,All_Districtof_India_2026-10-07_17-55-02.xlsx,387ce8805f54b68baaeda1dbc40751927e8eb981f2b48548ffeaf833a6881d68,true
wb,19,West Bengal,310,Dakshin Dinajpur,5,331,Local Government Directory (LGD),"Ministry of Panchayati Raj, Government of India",2026-10-07,All_Districtof_India_2026-10-07_17-55-02.xlsx,387ce8805f54b68baaeda1dbc40751927e8eb981f2b48548ffeaf833a6881d68,true
wb,19,West Bengal,309,Darjeeling,1,327,Local Government Directory (LGD),"Ministry of Panchayati Raj, Government of India",2026-10-07,All_Districtof_India_2026-10-07_17-55-02.xlsx,387ce8805f54b68baaeda1dbc40751927e8eb981f2b48548ffeaf833a6881d68,true
wb,19,West Bengal,312,Hooghly,12,338,Local Government Directory (LGD),"Ministry of Panchayati Raj, Government of India",2026-10-07,All_Districtof_India_2026-10-07_17-55-02.xlsx,387ce8805f54b68baaeda1dbc40751927e8eb981f2b48548ffeaf833a6881d68,true
wb,19,West Bengal,313,Howrah,16,341,Local Government Directory (LGD),"Ministry of Panchayati Raj, Government of India",2026-10-07,All_Districtof_India_2026-10-07_17-55-02.xlsx,387ce8805f54b68baaeda1dbc40751927e8eb981f2b48548ffeaf833a6881d68,true
wb,19,West Bengal,314,Jalpaiguri,2,328,Local Government Directory (LGD),"Ministry of Panchayati Raj, Government of India",2026-10-07,All_Districtof_India_2026-10-07_17-55-02.xlsx,387ce8805f54b68baaeda1dbc40751927e8eb981f2b48548ffeaf833a6881d68,true
wb,19,West Bengal,703,Jhargram,0,0,Local Government Directory (LGD),"Ministry of Panchayati Raj, Government of India",2026-10-07,All_Districtof_India_2026-10-07_17-55-02.xlsx,387ce8805f54b68baaeda1dbc40751927e8eb981f2b48548ffeaf833a6881d68,true
wb,19,West Bengal,702,Kalimpong,0,0,Local Government Directory (LGD),"Ministry of Panchayati Raj, Government of India",2026-10-07,All_Districtof_India_2026-10-07_17-55-02.xlsx,387ce8805f54b68baaeda1dbc40751927e8eb981f2b48548ffeaf833a6881d68,true
wb,19,West Bengal,315,Kolkata,17,342,Local Government Directory (LGD),"Ministry of Panchayati Raj, Government of India",2026-10-07,All_Districtof_India_2026-10-07_17-55-02.xlsx,387ce8805f54b68baaeda1dbc40751927e8eb981f2b48548ffeaf833a6881d68,true
wb,19,West Bengal,316,Malda,6,332,Local Government Directory (LGD),"Ministry of Panchayati Raj, Government of India",2026-10-07,All_Districtof_India_2026-10-07_17-55-02.xlsx,387ce8805f54b68baaeda1dbc40751927e8eb981f2b48548ffeaf833a6881d68,true
wb,19,West Bengal,319,Murshidabad,7,333,Local Government Directory (LGD),"Ministry of Panchayati Raj, Government of India",2026-10-07,All_Districtof_India_2026-10-07_17-55-02.xlsx,387ce8805f54b68baaeda1dbc40751927e8eb981f2b48548ffeaf833a6881d68,true
wb,19,West Bengal,320,Nadia,10,336,Local Government Directory (LGD),"Ministry of Panchayati Raj, Government of India",2026-10-07,All_Districtof_India_2026-10-07_17-55-02.xlsx,387ce8805f54b68baaeda1dbc40751927e8eb981f2b48548ffeaf833a6881d68,true
wb,19,West Bengal,303,North 24 Parganas,11,337,Local Government Directory (LGD),"Ministry of Panchayati Raj, Government of India",2026-10-07,All_Districtof_India_2026-10-07_17-55-02.xlsx,387ce8805f54b68baaeda1dbc40751927e8eb981f2b48548ffeaf833a6881d68,true
wb,19,West Bengal,704,Paschim Bardhaman,0,0,Local Government Directory (LGD),"Ministry of Panchayati Raj, Government of India",2026-10-07,All_Districtof_India_2026-10-07_17-55-02.xlsx,387ce8805f54b68baaeda1dbc40751927e8eb981f2b48548ffeaf833a6881d68,true
wb,19,West Bengal,318,Paschim Medinipur,15,344,Local Government Directory (LGD),"Ministry of Panchayati Raj, Government of India",2026-10-07,All_Districtof_India_2026-10-07_17-55-02.xlsx,387ce8805f54b68baaeda1dbc40751927e8eb981f2b48548ffeaf833a6881d68,true
wb,19,West Bengal,306,Purba Bardhaman,9,335,Local Government Directory (LGD),"Ministry of Panchayati Raj, Government of India",2026-10-07,All_Districtof_India_2026-10-07_17-55-02.xlsx,387ce8805f54b68baaeda1dbc40751927e8eb981f2b48548ffeaf833a6881d68,true
wb,19,West Bengal,317,Purba Medinipur,15,345,Local Government Directory (LGD),"Ministry of Panchayati Raj, Government of India",2026-10-07,All_Districtof_India_2026-10-07_17-55-02.xlsx,387ce8805f54b68baaeda1dbc40751927e8eb981f2b48548ffeaf833a6881d68,true
wb,19,West Bengal,321,Purulia,14,340,Local Government Directory (LGD),"Ministry of Panchayati Raj, Government of India",2026-10-07,All_Districtof_India_2026-10-07_17-55-02.xlsx,387ce8805f54b68baaeda1dbc40751927e8eb981f2b48548ffeaf833a6881d68,true
wb,19,West Bengal,304,South 24 Parganas,18,343,Local Government Directory (LGD),"Ministry of Panchayati Raj, Government of India",2026-10-07,All_Districtof_India_2026-10-07_17-55-02.xlsx,387ce8805f54b68baaeda1dbc40751927e8eb981f2b48548ffeaf833a6881d68,true
wb,19,West Bengal,311,Uttar Dinajpur,4,330,Local Government Directory (LGD),"Ministry of Panchayati Raj, Government of India",2026-10-07,All_Districtof_India_2026-10-07_17-55-02.xlsx,387ce8805f54b68baaeda1dbc40751927e8eb981f2b48548ffeaf833a6881d68,true
