#
# There is insufficient memory for the Java Runtime Environment to continue.
# Native memory allocation (mmap) failed to map 16777216 bytes. Error detail: Failed to reserve memory for metaspace
# Possible reasons:
#   The system is out of physical RAM or swap space
#   In 32 bit mode, the process size limit was hit
# Possible solutions:
#   Reduce memory load on the system
#   Increase physical memory or swap space
#   Check if swap backing store is full
#   Use 64 bit Java on a 64 bit OS
#   Decrease Java heap size (-Xmx/-Xms)
#   Decrease number of Java threads
#   Decrease Java thread stack sizes (-Xss)
#   Set larger code cache with -XX:ReservedCodeCacheSize=
# This output file may be truncated or incomplete.
#
#  Out of Memory Error (virtualSpaceNode.cpp:249), pid=15204, tid=28476
#
# JRE version: OpenJDK Runtime Environment Temurin-17.0.11+9 (17.0.11+9) (build 17.0.11+9)
# Java VM: OpenJDK Client VM Temurin-17.0.11+9 (17.0.11+9, mixed mode, emulated-client, serial gc, windows-x86)
# No core dump will be written. Minidumps are not enabled by default on client versions of Windows
#

---------------  S U M M A R Y ------------

Command Line: --add-opens=java.base/java.lang=ALL-UNNAMED --add-opens=java.base/java.lang.invoke=ALL-UNNAMED --add-opens=java.base/java.util=ALL-UNNAMED --add-opens=java.prefs/java.util.prefs=ALL-UNNAMED --add-exports=jdk.compiler/com.sun.tools.javac.api=ALL-UNNAMED --add-exports=jdk.compiler/com.sun.tools.javac.util=ALL-UNNAMED --add-opens=java.base/java.util=ALL-UNNAMED --add-opens=java.prefs/java.util.prefs=ALL-UNNAMED --add-opens=java.base/java.nio.charset=ALL-UNNAMED --add-opens=java.base/java.net=ALL-UNNAMED --add-opens=java.base/java.util.concurrent.atomic=ALL-UNNAMED --add-opens=java.xml/javax.xml.namespace=ALL-UNNAMED -Xmx1536m -Dfile.encoding=windows-1252 -Duser.country=IN -Duser.language=en -Duser.variant -javaagent:C:\Users\AnilPraveen\.gradle\wrapper\dists\gradle-8.11.1-bin\bpt9gzteqjrbo1mjrsomdt32c\gradle-8.11.1\lib\agents\gradle-instrumentation-agent-8.11.1.jar org.gradle.launcher.daemon.bootstrap.GradleDaemon 8.11.1

Host: AMD Ryzen 7 7445HS w/ Radeon 740M Graphics     , 12 cores, 15G,  Windows 11 , 64 bit Build 26100 (10.0.26100.8737)
Time: Fri Jul 10 19:14:35 2026 India Standard Time elapsed time: 35.913125 seconds (0d 0h 0m 35s)

---------------  T H R E A D  ---------------

Current thread (0x7929f978):  JavaThread "ForkJoinPool-1-worker-5" daemon [_thread_in_vm, id=28476, stack(0x7d4c0000,0x7d510000)]

Stack: [0x7d4c0000,0x7d510000]
Java frames: (J=compiled Java code, j=interpreted, Vv=VM code)
J 2569  java.lang.ClassLoader.defineClass0(Ljava/lang/ClassLoader;Ljava/lang/Class;Ljava/lang/String;[BIILjava/security/ProtectionDomain;ZILjava/lang/Object;)Ljava/lang/Class; java.base@17.0.11 (0 bytes) @ 0x03d7a4bb [0x03d7a3e0+0x000000db]
J 2409 c1 java.lang.System$2.defineClass(Ljava/lang/ClassLoader;Ljava/lang/Class;Ljava/lang/String;[BLjava/security/ProtectionDomain;ZILjava/lang/Object;)Ljava/lang/Class; java.base@17.0.11 (21 bytes) @ 0x03d4a2c8 [0x03d4a260+0x00000068]
J 2408 c1 java.lang.invoke.MethodHandles$Lookup$ClassDefiner.defineClass(ZLjava/lang/Object;)Ljava/lang/Class; java.base@17.0.11 (97 bytes) @ 0x03d49d74 [0x03d49b30+0x00000244]
J 3259 c1 java.lang.invoke.MethodHandles$Lookup.defineHiddenClass([BZ[Ljava/lang/invoke/MethodHandles$Lookup$ClassOption;)Ljava/lang/invoke/MethodHandles$Lookup; java.base@17.0.11 (69 bytes) @ 0x03e84a24 [0x03e84790+0x00000294]
J 3257 c1 java.lang.invoke.InnerClassLambdaMetafactory.generateInnerClass()Ljava/lang/Class; java.base@17.0.11 (618 bytes) @ 0x03e7f0b4 [0x03e7e570+0x00000b44]
J 3254 c1 java.lang.invoke.InnerClassLambdaMetafactory.spinInnerClass()Ljava/lang/Class; java.base@17.0.11 (118 bytes) @ 0x03e83b90 [0x03e83af0+0x000000a0]
J 3253 c1 java.lang.invoke.InnerClassLambdaMetafactory.buildCallSite()Ljava/lang/invoke/CallSite; java.base@17.0.11 (201 bytes) @ 0x03e8259c [0x03e82570+0x0000002c]
J 15085 c1 java.lang.invoke.LambdaMetafactory.altMetafactory(Ljava/lang/invoke/MethodHandles$Lookup;Ljava/lang/String;Ljava/lang/invoke/MethodType;[Ljava/lang/Object;)Ljava/lang/invoke/CallSite; java.base@17.0.11 (392 bytes) @ 0x04ca3584 [0x04ca3060+0x00000524]
J 7245 c1 java.lang.invoke.DirectMethodHandle$Holder.invokeStatic(Ljava/lang/Object;Ljava/lang/Object;Ljava/lang/Object;Ljava/lang/Object;Ljava/lang/Object;)Ljava/lang/Object; java.base@17.0.11 (20 bytes) @ 0x04370bfc [0x04370bb0+0x0000004c]
J 15084 c1 java.lang.invoke.DelegatingMethodHandle$Holder.delegate(Ljava/lang/Object;Ljava/lang/Object;Ljava/lang/Object;Ljava/lang/Object;Ljava/lang/Object;)Ljava/lang/Object; java.base@17.0.11 (23 bytes) @ 0x04ca105c [0x04ca1000+0x0000005c]
J 2679 c1 java.lang.invoke.BootstrapMethodInvoker.invoke(Ljava/lang/Class;Ljava/lang/invoke/MethodHandle;Ljava/lang/String;Ljava/lang/Object;Ljava/lang/Object;Ljava/lang/Class;)Ljava/lang/Object; java.base@17.0.11 (974 bytes) @ 0x03da0088 [0x03d9ef50+0x00001138]
J 2678 c1 java.lang.invoke.CallSite.makeSite(Ljava/lang/invoke/MethodHandle;Ljava/lang/String;Ljava/lang/invoke/MethodType;Ljava/lang/Object;Ljava/lang/Class;)Ljava/lang/invoke/CallSite; java.base@17.0.11 (91 bytes) @ 0x03d9dc20 [0x03d9dbe0+0x00000040]
J 2405 c1 java.lang.invoke.MethodHandleNatives.linkCallSiteImpl(Ljava/lang/Class;Ljava/lang/invoke/MethodHandle;Ljava/lang/String;Ljava/lang/invoke/MethodType;Ljava/lang/Object;[Ljava/lang/Object;)Ljava/lang/invoke/MemberName; java.base@17.0.11 (44 bytes) @ 0x03d48f60 [0x03d48f30+0x00000030]
J 2404 c1 java.lang.invoke.MethodHandleNatives.linkCallSite(Ljava/lang/Object;ILjava/lang/Object;Ljava/lang/Object;Ljava/lang/Object;Ljava/lang/Object;[Ljava/lang/Object;)Ljava/lang/invoke/MemberName; java.base@17.0.11 (66 bytes) @ 0x03d48bb8 [0x03d48b00+0x000000b8]
v  ~StubRoutines::call_stub
j  com.android.tools.r8.internal.An.a(Ljava/util/function/IntFunction;)Ljava/util/Set;+21
j  com.android.tools.r8.internal.An.b()Ljava/util/Set;+33
J 19296 c1 com.android.tools.r8.internal.Ob0.l(Lcom/android/tools/r8/graph/I2;)V (87 bytes) @ 0x051868d8 [0x051865d0+0x00000308]
J 20979 c1 com.android.tools.r8.internal.Ej.g(Lcom/android/tools/r8/graph/I2;)V (94 bytes) @ 0x05428d68 [0x05428d30+0x00000038]
J 20978 c1 com.android.tools.r8.internal.Ej.k(Lcom/android/tools/r8/graph/I2;)V (75 bytes) @ 0x05429164 [0x054290b0+0x000000b4]
J 21210 c1 com.android.tools.r8.internal.Ej$$Lambda$4115+0x7cd8c7c8.accept(Ljava/lang/Object;)V (12 bytes) @ 0x054462a0 [0x05446260+0x00000040]
J 7607 c1 java.util.ArrayList.forEach(Ljava/util/function/Consumer;)V java.base@17.0.11 (74 bytes) @ 0x043e368c [0x043e3610+0x0000007c]
J 20978 c1 com.android.tools.r8.internal.Ej.k(Lcom/android/tools/r8/graph/I2;)V (75 bytes) @ 0x054291f8 [0x054290b0+0x00000148]
J 21210 c1 com.android.tools.r8.internal.Ej$$Lambda$4115+0x7cd8c7c8.accept(Ljava/lang/Object;)V (12 bytes) @ 0x054462a0 [0x05446260+0x00000040]
J 7607 c1 java.util.ArrayList.forEach(Ljava/util/function/Consumer;)V java.base@17.0.11 (74 bytes) @ 0x043e368c [0x043e3610+0x0000007c]
J 20978 c1 com.android.tools.r8.internal.Ej.k(Lcom/android/tools/r8/graph/I2;)V (75 bytes) @ 0x054291f8 [0x054290b0+0x00000148]
J 21210 c1 com.android.tools.r8.internal.Ej$$Lambda$4115+0x7cd8c7c8.accept(Ljava/lang/Object;)V (12 bytes) @ 0x054462a0 [0x05446260+0x00000040]
J 7607 c1 java.util.ArrayList.forEach(Ljava/util/function/Consumer;)V java.base@17.0.11 (74 bytes) @ 0x043e368c [0x043e3610+0x0000007c]
J 20978 c1 com.android.tools.r8.internal.Ej.k(Lcom/android/tools/r8/graph/I2;)V (75 bytes) @ 0x054291f8 [0x054290b0+0x00000148]
J 21210 c1 com.android.tools.r8.internal.Ej$$Lambda$4115+0x7cd8c7c8.accept(Ljava/lang/Object;)V (12 bytes) @ 0x054462a0 [0x05446260+0x00000040]
J 7607 c1 java.util.ArrayList.forEach(Ljava/util/function/Consumer;)V java.base@17.0.11 (74 bytes) @ 0x043e368c [0x043e3610+0x0000007c]
J 20978 c1 com.android.tools.r8.internal.Ej.k(Lcom/android/tools/r8/graph/I2;)V (75 bytes) @ 0x054291f8 [0x054290b0+0x00000148]
J 21210 c1 com.android.tools.r8.internal.Ej$$Lambda$4115+0x7cd8c7c8.accept(Ljava/lang/Object;)V (12 bytes) @ 0x054462a0 [0x05446260+0x00000040]
J 7607 c1 java.util.ArrayList.forEach(Ljava/util/function/Consumer;)V java.base@17.0.11 (74 bytes) @ 0x043e368c [0x043e3610+0x0000007c]
J 20978 c1 com.android.tools.r8.internal.Ej.k(Lcom/android/tools/r8/graph/I2;)V (75 bytes) @ 0x054291f8 [0x054290b0+0x00000148]
J 21210 c1 com.android.tools.r8.internal.Ej$$Lambda$4115+0x7cd8c7c8.accept(Ljava/lang/Object;)V (12 bytes) @ 0x054462a0 [0x05446260+0x00000040]
J 7607 c1 java.util.ArrayList.forEach(Ljava/util/function/Consumer;)V java.base@17.0.11 (74 bytes) @ 0x043e368c [0x043e3610+0x0000007c]
J 20978 c1 com.android.tools.r8.internal.Ej.k(Lcom/android/tools/r8/graph/I2;)V (75 bytes) @ 0x054291f8 [0x054290b0+0x00000148]
J 21210 c1 com.android.tools.r8.internal.Ej$$Lambda$4115+0x7cd8c7c8.accept(Ljava/lang/Object;)V (12 bytes) @ 0x054462a0 [0x05446260+0x00000040]
J 7607 c1 java.util.ArrayList.forEach(Ljava/util/function/Consumer;)V java.base@17.0.11 (74 bytes) @ 0x043e368c [0x043e3610+0x0000007c]
J 20978 c1 com.android.tools.r8.internal.Ej.k(Lcom/android/tools/r8/graph/I2;)V (75 bytes) @ 0x054291f8 [0x054290b0+0x00000148]
J 21210 c1 com.android.tools.r8.internal.Ej$$Lambda$4115+0x7cd8c7c8.accept(Ljava/lang/Object;)V (12 bytes) @ 0x054462a0 [0x05446260+0x00000040]
J 7607 c1 java.util.ArrayList.forEach(Ljava/util/function/Consumer;)V java.base@17.0.11 (74 bytes) @ 0x043e368c [0x043e3610+0x0000007c]
J 20978 c1 com.android.tools.r8.internal.Ej.k(Lcom/android/tools/r8/graph/I2;)V (75 bytes) @ 0x054291f8 [0x054290b0+0x00000148]
J 21210 c1 com.android.tools.r8.internal.Ej$$Lambda$4115+0x7cd8c7c8.accept(Ljava/lang/Object;)V (12 bytes) @ 0x054462a0 [0x05446260+0x00000040]
J 7607 c1 java.util.ArrayList.forEach(Ljava/util/function/Consumer;)V java.base@17.0.11 (74 bytes) @ 0x043e368c [0x043e3610+0x0000007c]
J 20978 c1 com.android.tools.r8.internal.Ej.k(Lcom/android/tools/r8/graph/I2;)V (75 bytes) @ 0x054291f8 [0x054290b0+0x00000148]
J 21210 c1 com.android.tools.r8.internal.Ej$$Lambda$4115+0x7cd8c7c8.accept(Ljava/lang/Object;)V (12 bytes) @ 0x054462a0 [0x05446260+0x00000040]
J 7607 c1 java.util.ArrayList.forEach(Ljava/util/function/Consumer;)V java.base@17.0.11 (74 bytes) @ 0x043e368c [0x043e3610+0x0000007c]
J 20978 c1 com.android.tools.r8.internal.Ej.k(Lcom/android/tools/r8/graph/I2;)V (75 bytes) @ 0x054291f8 [0x054290b0+0x00000148]
J 21210 c1 com.android.tools.r8.internal.Ej$$Lambda$4115+0x7cd8c7c8.accept(Ljava/lang/Object;)V (12 bytes) @ 0x054462a0 [0x05446260+0x00000040]
J 7607 c1 java.util.ArrayList.forEach(Ljava/util/function/Consumer;)V java.base@17.0.11 (74 bytes) @ 0x043e368c [0x043e3610+0x0000007c]
J 20978 c1 com.android.tools.r8.internal.Ej.k(Lcom/android/tools/r8/graph/I2;)V (75 bytes) @ 0x054291f8 [0x054290b0+0x00000148]
J 21210 c1 com.android.tools.r8.internal.Ej$$Lambda$4115+0x7cd8c7c8.accept(Ljava/lang/Object;)V (12 bytes) @ 0x054462a0 [0x05446260+0x00000040]
J 7607 c1 java.util.ArrayList.forEach(Ljava/util/function/Consumer;)V java.base@17.0.11 (74 bytes) @ 0x043e368c [0x043e3610+0x0000007c]
J 20978 c1 com.android.tools.r8.internal.Ej.k(Lcom/android/tools/r8/graph/I2;)V (75 bytes) @ 0x054291f8 [0x054290b0+0x00000148]
J 20970 c1 com.android.tools.r8.internal.Ej.a(Ljava/util/Collection;)V (78 bytes) @ 0x05428260 [0x05428060+0x00000200]
J 19302 c1 com.android.tools.r8.internal.Pb0$$Lambda$4094+0x7cd83288.apply(Ljava/lang/Object;)Ljava/lang/Object; (12 bytes) @ 0x0518db88 [0x0518dac0+0x000000c8]
J 19300 c1 com.android.tools.r8.internal.Xq0$$Lambda$4096+0x7cd83bf8.a(Ljava/lang/Object;I)Ljava/lang/Object; (10 bytes) @ 0x0518cdc8 [0x0518cda0+0x00000028]
J 17850 c1 com.android.tools.r8.internal.Xq0$$Lambda$3311+0x7cab4a30.call()Ljava/lang/Object; (16 bytes) @ 0x050170d4 [0x050170a0+0x00000034]
J 15340 c1 java.util.concurrent.ForkJoinTask.doExec()I java.base@17.0.11 (37 bytes) @ 0x04cfdb88 [0x04cfdb40+0x00000048]
J 15447 c1 java.util.concurrent.ForkJoinPool$WorkQueue.topLevelExec(Ljava/util/concurrent/ForkJoinTask;Ljava/util/concurrent/ForkJoinPool$WorkQueue;)V java.base@17.0.11 (76 bytes) @ 0x04d2e394 [0x04d2e350+0x00000044]
J 17717 c1 java.util.concurrent.ForkJoinPool.scan(Ljava/util/concurrent/ForkJoinPool$WorkQueue;II)I java.base@17.0.11 (235 bytes) @ 0x04fe8ab8 [0x04fe86a0+0x00000418]
j  java.util.concurrent.ForkJoinPool.runWorker(Ljava/util/concurrent/ForkJoinPool$WorkQueue;)V+53 java.base@17.0.11
j  java.util.concurrent.ForkJoinWorkerThread.run()V+31 java.base@17.0.11
v  ~StubRoutines::call_stub

Compiled method (n/a)   35919 2569     n       java.lang.ClassLoader::defineClass0 (native)
 total in heap  [0x03d7a2c8,0x03d7a5f4] = 812
 relocation     [0x03d7a3ac,0x03d7a3d4] = 40
 main code      [0x03d7a3e0,0x03d7a5f4] = 532

[Constant Pool (empty)]

[MachCode]
[Entry Point]
  # {method} {0x6601baec} 'defineClass0' '(Ljava/lang/ClassLoader;Ljava/lang/Class;Ljava/lang/String;[BIILjava/security/ProtectionDomain;ZILjava/lang/Object;)Ljava/lang/Class;' in 'java/lang/ClassLoader'
  # parm0:    ecx       = 'java/lang/ClassLoader'
  # parm1:    edx       = 'java/lang/Class'
  # parm2:    [sp+0x50]   = 'java/lang/String'  (sp of caller)
  # parm3:    [sp+0x54]   = '[B'
  # parm4:    [sp+0x58]   = int
  # parm5:    [sp+0x5c]   = int
  # parm6:    [sp+0x60]   = 'java/security/ProtectionDomain'
  # parm7:    [sp+0x64]   = boolean
  # parm8:    [sp+0x68]   = int
  # parm9:    [sp+0x6c]   = 'java/lang/Object'
  0x03d7a3e0: 3b41 040f | 8407 0000 

  0x03d7a3e8: ;   {runtime_call ic_miss_stub}
  0x03d7a3e8: 00e9 e263 | cbff 6690 
[Verified Entry Point]
  0x03d7a3f0: 8984 2400 | c0ff ff55 | 8bec 83ec | 4864 8b3c | 2500 0000 | 008b 7ff4 | 894c 2430 | 33c0 83f9 
  0x03d7a410: 000f 8404 | 0000 008d | 4424 3089 | 4424 0889 | 5424 3433 | c083 fa00 | 0f84 0400 | 0000 8d44 
  0x03d7a430: 2434 8944 | 240c 33c0 | 817d 0800 | 0000 000f | 8403 0000 | 008d 4508 | 8944 2410 | 33c0 817d 
  0x03d7a450: 0c00 0000 | 000f 8403 | 0000 008d | 450c 8944 | 2414 8b45 | 1089 4424 | 188b 4514 | 8944 241c 
  0x03d7a470: 33c0 817d | 1800 0000 | 000f 8403 | 0000 008d | 4518 8944 | 2420 8b45 | 1c89 4424 | 248b 4520 
  0x03d7a490: 8944 2428 | 33c0 817d | 2400 0000 | 000f 8403 | 0000 008d | 4524 8944 

  0x03d7a4a8: ;   {oop(a 'java/lang/Class'{0x25a60328} = 'java/lang/ClassLoader')}
  0x03d7a4a8: 242c be28 | 03a6 2589 | 7424 388d | 7424 3889 | 7424 04c5 

  0x03d7a4bc: ;   {internal_word}
  0x03d7a4bc: f877 c787 | f401 0000 | bba4 d703 | 89a7 f001 

  0x03d7a4cc: ;   {external_word}
  0x03d7a4cc: 0000 803d | dc54 3169 | 000f 840f 

  0x03d7a4d8: ;   {metadata({method} {0x6601baec} 'defineClass0' '(Ljava/lang/ClassLoader;Ljava/lang/Class;Ljava/lang/String;[BIILjava/security/ProtectionDomain;ZILjava/lang/Object;)Ljava/lang/Class;' in 'java/lang/ClassLoader')}
  0x03d7a4d8: 0000 00b8 | e8ba 0166 

  0x03d7a4e0: ;   {runtime_call}
  0x03d7a4e0: 5057 e839 | 473a 6583 | c408 8d97 | 0002 0000 | 8914 24c7 | 874c 0200 | 0004 0000 

  0x03d7a4fc: ;   {runtime_call}
  0x03d7a4fc: 00e8 0070 | b664 c5f8 | 77c7 874c | 0200 0005 | 0000 00f0 | 8344 24c0 | 003b af50 | 0200 000f 
  0x03d7a51c: 8710 0000 | 0081 bf40 | 0200 0000 | 0000 000f | 8412 0000 | 00c5 f877 | 8945 fc57 

  0x03d7a538: ;   {runtime_call}
  0x03d7a538: e8e3 f443 | 6583 c404 | 8b45 fcc7 | 874c 0200 | 0008 0000 | 0081 bf70 | 0200 0002 | 0000 000f 
  0x03d7a558: 8478 0000 

  0x03d7a55c: ;   {external_word}
  0x03d7a55c: 0080 3ddc | 5431 6900 | 0f84 1500 | 0000 8945 

  0x03d7a56c: ;   {metadata({method} {0x6601baec} 'defineClass0' '(Ljava/lang/ClassLoader;Ljava/lang/Class;Ljava/lang/String;[BIILjava/security/ProtectionDomain;ZILjava/lang/Object;)Ljava/lang/Class;' in 'java/lang/ClassLoader')}
  0x03d7a56c: fcb8 e8ba | 0166 5057 

  0x03d7a574: ;   {runtime_call}
  0x03d7a574: e8a7 463a | 6583 c408 | 8b45 fcc7 | 87f0 0100 | 0000 0000 | 00c7 87f4 | 0100 0000 | 0000 00c5 
  0x03d7a594: f877 85c0 | 0f84 1600 | 0000 f7c0 | 0100 0000 | 0f84 0800 | 0000 8b40 | ffe9 0200 | 0000 8b00 
  0x03d7a5b4: 8b8f b800 | 0000 c781 | 8000 0000 | 0000 0000 | 817f 0400 | 0000 000f | 8517 0000 | 008b e55d 
  0x03d7a5d4: c3c5 f877 

  0x03d7a5d8: ;   {runtime_call}
  0x03d7a5d8: 8945 fce8 | 506e 3a65 | 8b45 fce9 | 75ff ffff | 0f77 8be5 

  0x03d7a5ec: ;   {runtime_call StubRoutines (1)}
  0x03d7a5ec: 5de9 1e63 | c7ff f4f4 
[/MachCode]


Compiled method (c1)   35938 2409             java.lang.System$2::defineClass (21 bytes)
 total in heap  [0x03d4a148,0x03d4a3e0] = 664
 relocation     [0x03d4a22c,0x03d4a25c] = 48
 main code      [0x03d4a260,0x03d4a340] = 224
 stub code      [0x03d4a340,0x03d4a36c] = 44
 metadata       [0x03d4a36c,0x03d4a370] = 4
 scopes data    [0x03d4a370,0x03d4a390] = 32
 scopes pcs     [0x03d4a390,0x03d4a3d0] = 64
 dependencies   [0x03d4a3d0,0x03d4a3d4] = 4
 nul chk table  [0x03d4a3d4,0x03d4a3e0] = 12

[Constant Pool (empty)]

[MachCode]
[Entry Point]
  # {method} {0x6614c7cc} 'defineClass' '(Ljava/lang/ClassLoader;Ljava/lang/Class;Ljava/lang/String;[BLjava/security/ProtectionDomain;ZILjava/lang/Object;)Ljava/lang/Class;' in 'java/lang/System$2'
  # this:     ecx       = 'java/lang/System$2'
  # parm0:    edx       = 'java/lang/ClassLoader'
  # parm1:    [sp+0x40]   = 'java/lang/Class'  (sp of caller)
  # parm2:    [sp+0x44]   = 'java/lang/String'
  # parm3:    [sp+0x48]   = '[B'
  # parm4:    [sp+0x4c]   = 'java/security/ProtectionDomain'
  # parm5:    [sp+0x50]   = boolean
  # parm6:    [sp+0x54]   = int
  # parm7:    [sp+0x58]   = 'java/lang/Object'
  0x03d4a260: 0f1f 8000 | 0000 003b 

  0x03d4a268: ;   {runtime_call ic_miss_stub}
  0x03d4a268: 4104 0f85 | 6065 ceff 
[Verified Entry Point]
  0x03d4a270: 8984 2400 | c0ff ff55 | 83ec 388b | 7424 488b | 5c24 448b | 7c24 408b | 4608 8bca | 8bd7 891c 
  0x03d4a290: 2489 7424 | 04c7 4424 | 0800 0000 | 0089 4424 | 0c8b 7424 | 4c89 7424 | 108b 7424 | 5089 7424 
  0x03d4a2b0: 148b 7424 | 5489 7424 | 188b 7424 | 5889 7424 

  0x03d4a2c0: ;   {static_call}
  0x03d4a2c0: 1c66 90e8 

  0x03d4a2c4: ; ImmutableOopMap {}
              ;*invokestatic defineClass0 {reexecute=0 rethrow=0 return_oop=0}
              ; - java.lang.System$2::defineClass@17 (line 2311)
  0x03d4a2c4: 2801 0300 | 83c4 385d | 648b 1c25 | 0000 0000 

  0x03d4a2d4: ;   {poll_return}
  0x03d4a2d4: 8b5b f43b | a350 0200 | 000f 8706 | 0000 00c3 

  0x03d4a2e4: ;   {runtime_call throw_null_pointer_exception Runtime1 stub}
  0x03d4a2e4: e8f7 96cc 

  0x03d4a2e8: ; ImmutableOopMap {edx=Oop [88]=Oop [76]=Oop esi=Oop [72]=Oop ebx=Oop [68]=Oop edi=Oop [64]=Oop }
              ;*arraylength {reexecute=0 rethrow=0 return_oop=0}
              ; - java.lang.System$2::defineClass@8 (line 2311)
              ;   {internal_word}
  0x03d4a2e8: ff51 52b9 | d7a2 d403 | 648b 1425 | 0000 0000 | 8b52 f489 | 8a5c 0200 

  0x03d4a300: ;   {runtime_call SafepointBlob}
  0x03d4a300: 005a 59e9 | 98b5 ceff | 9090 648b | 3425 0000 | 0000 8b76 | f48b 8684 | 0200 00c7 | 8684 0200 
  0x03d4a320: 0000 0000 | 00c7 8688 | 0200 0000 | 0000 0083 

  0x03d4a330: ;   {runtime_call unwind_exception Runtime1 stub}
  0x03d4a330: c438 5de9 | d89c ccff | f4f4 f4f4 | f4f4 f4f4 
[Stub Code]
  0x03d4a340: ;   {no_reloc}
  0x03d4a340: 6690 bbe8 

  0x03d4a344: ;   {runtime_call I2C/C2I adapters}
  0x03d4a344: ba01 66e9 | 4816 ceff 
[Exception Handler]
  0x03d4a34c: ;   {runtime_call handle_exception_from_callee Runtime1 stub}
  0x03d4a34c: e8bf 89cc 

  0x03d4a350: ;   {external_word}
  0x03d4a350: ff68 30b7 | 2169 e800 | 0000 0060 

  0x03d4a35c: ;   {runtime_call}
  0x03d4a35c: e8ff eb32 

  0x03d4a360: ;   {section_word}
  0x03d4a360: 65f4 6862 

  0x03d4a364: ;   {runtime_call DeoptimizationBlob}
  0x03d4a364: a3d4 03e9 | d4ae ceff 
[/MachCode]


Compiled method (c1)   35944 2408             java.lang.invoke.MethodHandles$Lookup$ClassDefiner::defineClass (97 bytes)
 total in heap  [0x03d499c8,0x03d4a13c] = 1908
 relocation     [0x03d49aac,0x03d49b2c] = 128
 main code      [0x03d49b30,0x03d49e20] = 752
 stub code      [0x03d49e20,0x03d49e70] = 80
 metadata       [0x03d49e70,0x03d49ea8] = 56
 scopes data    [0x03d49ea8,0x03d49fbc] = 276
 scopes pcs     [0x03d49fbc,0x03d4a0dc] = 288
 dependencies   [0x03d4a0dc,0x03d4a0f0] = 20
 nul chk table  [0x03d4a0f0,0x03d4a13c] = 76

[Constant Pool (empty)]

[MachCode]
[Entry Point]
  # {method} {0x662eca54} 'defineClass' '(ZLjava/lang/Object;)Ljava/lang/Class;' in 'java/lang/invoke/MethodHandles$Lookup$ClassDefiner'
  # this:     ecx       = 'java/lang/invoke/MethodHandles$Lookup$ClassDefiner'
  # parm0:    edx       = boolean
  # parm1:    [sp+0x90]   = 'java/lang/Object'  (sp of caller)
  0x03d49b30: 0f1f 8000 | 0000 003b 

  0x03d49b38: ;   {runtime_call ic_miss_stub}
  0x03d49b38: 4104 0f85 | 906c ceff 
[Verified Entry Point]
  0x03d49b40: 8984 2400 | c0ff ff55 | 81ec 8800 | 0000 894c | 245c 8954 | 2464 8b71 | 0c8b 760c | 8974 2460 
  0x03d49b60: ; implicit exception: dispatches to 0x03d49d98
  0x03d49b60: 8b7e 2889 | 7c24 5883 | ff00 0f85 | 0a00 0000 

  0x03d49b70: ;   {oop(NULL)}
  0x03d49b70: bf00 0000 | 00e9 e600 

  0x03d49b78: ;   {oop(a 'java/lang/Class'{0x25a60398} = 'java/lang/System')}
  0x03d49b78: 0000 bb98 | 03a6 258b | 5b6c 83fb | 000f 84d5 

  0x03d49b88: ;   {static_call}
  0x03d49b88: 0000 00e8 

  0x03d49b8c: ; ImmutableOopMap {[144]=Oop [96]=Oop [92]=Oop [88]=Oop }
              ;*invokestatic getCallerClass {reexecute=0 rethrow=0 return_oop=0}
              ; - java.lang.Class::getClassLoader@20 (line 901)
              ; - java.lang.invoke.MethodHandles$Lookup$ClassDefiner::defineClass@9 (line 2436)
  0x03d49b8c: 0073 ceff 

  0x03d49b90: ;   {oop(a 'java/lang/Class'{0x25a60398} = 'java/lang/System')}
  0x03d49b90: ba98 03a6 | 258b 4a6c | 83f9 000f | 84bb 0000 | 0083 f800 | 0f85 0a00 

  0x03d49ba8: ;   {oop(NULL)}
  0x03d49ba8: 0000 ba00 | 0000 00e9 | 0300 0000 

  0x03d49bb4: ; implicit exception: dispatches to 0x03d49d9d
  0x03d49bb4: 8b50 283b | 5424 580f | 850e 0000 | 00ba 0000 | 0000 8b7c | 2458 e972 | 0000 0083 | fa00 0f85 
  0x03d49bd4: 0e00 0000 | ba00 0000 | 008b 7c24 | 58e9 5b00 | 0000 8b7c | 2458 3b07 | 8bf7 e91d | 0000 0090 
  0x03d49bf4: 648b 1c25 | 0000 0000 | 8b5b f48b | 9b54 0200 

  0x03d49c04: ; ImmutableOopMap {[144]=Oop [96]=Oop [92]=Oop ecx=Oop edi=Oop [88]=Oop edx=Oop esi=Oop }
              ;*ifnonnull {reexecute=1 rethrow=0 return_oop=0}
              ; - (reexecute) java.lang.ClassLoader::isAncestor@15 (line 2017)
              ; - java.lang.ClassLoader::needsClassLoaderPermissionCheck@15 (line 2035)
              ; - java.lang.ClassLoader::checkClassLoaderPermission@15 (line 2059)
              ; - java.lang.Class::getClassLoader@23 (line 901)
              ; - java.lang.invoke.MethodHandles$Lookup$ClassDefiner::defineClass@9 (line 2436)
              ;   {poll}
  0x03d49c04: 0085 0383 | fe00 0f84 | 0c00 0000 

  0x03d49c10: ; implicit exception: dispatches to 0x03d49da7
  0x03d49c10: 8b76 103b | d675 dde9 | 0a00 0000 | ba00 0000 | 00e9 0500 | 0000 ba01 | 0000 0083 | fa00 ba00 
  0x03d49c30: 0000 000f | 8505 0000 | 00ba 0100 | 0000 83e2 | 0183 fa00 | 0f84 1200 

  0x03d49c48: ;   {oop(a 'java/lang/RuntimePermission'{0x26994868})}
  0x03d49c48: 0000 ba68 | 4899 2666 | 6690 b8ff 

  0x03d49c54: ;   {virtual_call}
  0x03d49c54: ffff ffe8 

  0x03d49c58: ; ImmutableOopMap {[144]=Oop [96]=Oop [92]=Oop [88]=Oop }
              ;*invokevirtual checkPermission {reexecute=0 rethrow=0 return_oop=0}
              ; - java.lang.ClassLoader::checkClassLoaderPermission@25 (line 2060)
              ; - java.lang.Class::getClassLoader@23 (line 901)
              ; - java.lang.invoke.MethodHandles$Lookup$ClassDefiner::defineClass@9 (line 2436)
  0x03d49c58: f46f ceff | 8b7c 2458 | 83ff 000f | 8471 0000 | 008b 4c24 | 5c8b 710c | 8974 2468 

  0x03d49c74: ; implicit exception: dispatches to 0x03d49dac
  0x03d49c74: 8b5e 1483 | fb00 897c | 246c 0f85 | 5f00 0000 

  0x03d49c84: ;   {oop(a 'java/lang/Class'{0x25a5a000} = 'jdk/internal/access/SharedSecrets')}
  0x03d49c84: bb00 a0a5 | 258b 5b70 | 8b46 0c83 | fb00 0f84 | 1500 0000 

  0x03d49c98: ;   {metadata('java/lang/System$2')}
  0x03d49c98: 8b73 0481 | 7e24 20e7 | 1466 0f85 | 0901 0000 | e900 0000 | 008b d33b | 033b 008b 

  0x03d49cb4: ;   {optimized virtual_call}
  0x03d49cb4: c866 90e8 

  0x03d49cb8: ; ImmutableOopMap {[144]=Oop [96]=Oop [108]=Oop [92]=Oop [104]=Oop }
              ;*invokevirtual protectionDomain {reexecute=0 rethrow=0 return_oop=0}
              ; - java.lang.System$2::protectionDomain@1 (line 2426)
              ; - java.lang.invoke.MethodHandles$Lookup::lookupClassProtectionDomain@17 (line 2457)
              ; - java.lang.invoke.MethodHandles$Lookup$ClassDefiner::defineClass@23 (line 2437)
  0x03d49cb8: 0407 0200 | 8b74 2468 | 8946 14f0 | 8344 24c0 | 00c1 ee09 | c686 0030 | 2303 008b | d8e9 0900 
  0x03d49cd8: 0000 897c 

  0x03d49cdc: ;   {oop(NULL)}
  0x03d49cdc: 246c bb00 | 0000 0089 | 5c24 708b | 7c24 6c8b | 9424 9000 | 0000 8b4c 

  0x03d49cf4: ;   {oop(a 'java/lang/Class'{0x25a5a000} = 'jdk/internal/access/SharedSecrets')}
  0x03d49cf4: 245c b800 | a0a5 258b | 4070 8b59 | 1089 5c24 | 748b 5914 | 895c 2478 | 8b59 0889 | 5c24 7c83 
  0x03d49d14: f800 0f84 | 1500 0000 

  0x03d49d1c: ;   {metadata('java/lang/System$2')}
  0x03d49d1c: 8b58 0481 | 7b24 20e7 | 1466 0f85 | 9400 0000 | e900 0000 | 008b c83b | 008b ca8b | d78b 7424 
  0x03d49d3c: 6089 3424 | 8b5c 2474 | 895c 2404 | 8b5c 2478 | 895c 2408 | 8b5c 2470 | 895c 240c | 8b7c 2464 
  0x03d49d5c: 897c 2410 | 8b5c 247c | 895c 2414 | 894c 2418 

  0x03d49d6c: ;   {optimized virtual_call}
  0x03d49d6c: 8bc8 90e8 

  0x03d49d70: ; ImmutableOopMap {[96]=Oop [92]=Oop }
              ;*invokeinterface defineClass {reexecute=0 rethrow=0 return_oop=0}
              ; - java.lang.invoke.MethodHandles$Lookup$ClassDefiner::defineClass@54 (line 2439)
  0x03d49d70: fc04 0000 | 81c4 8800 | 0000 5d64 | 8b1c 2500 | 0000 008b 

  0x03d49d84: ;   {poll_return}
  0x03d49d84: 5bf4 3ba3 | 5002 0000 | 0f87 3800 

  0x03d49d90: ;   {runtime_call throw_null_pointer_exception Runtime1 stub}
  0x03d49d90: 0000 c3e8 

  0x03d49d94: ; ImmutableOopMap {ecx=Oop [92]=Oop [144]=Oop }
              ;*invokevirtual lookupClass {reexecute=0 rethrow=0 return_oop=0}
              ; - java.lang.invoke.MethodHandles$Lookup$ClassDefiner::defineClass@4 (line 2435)
  0x03d49d94: 489c ccff 

  0x03d49d98: ;   {runtime_call throw_null_pointer_exception Runtime1 stub}
  0x03d49d98: e843 9ccc 

  0x03d49d9c: ; ImmutableOopMap {ecx=Oop [92]=Oop [144]=Oop esi=Oop [96]=Oop }
              ;*invokevirtual getClassLoader {reexecute=0 rethrow=0 return_oop=0}
              ; - java.lang.invoke.MethodHandles$Lookup$ClassDefiner::defineClass@9 (line 2436)
              ;   {runtime_call throw_null_pointer_exception Runtime1 stub}
  0x03d49d9c: ffe8 3e9c 

  0x03d49da0: ; ImmutableOopMap {[144]=Oop [96]=Oop [92]=Oop [88]=Oop ecx=Oop }
              ;*invokevirtual getClassLoader0 {reexecute=0 rethrow=0 return_oop=0}
              ; - java.lang.ClassLoader::getClassLoader@7 (line 2045)
              ; - java.lang.ClassLoader::checkClassLoaderPermission@9 (line 2058)
              ; - java.lang.Class::getClassLoader@23 (line 901)
              ; - java.lang.invoke.MethodHandles$Lookup$ClassDefiner::defineClass@9 (line 2436)
              ;   {runtime_call throw_null_pointer_exception Runtime1 stub}
  0x03d49da0: ccff e839 

  0x03d49da4: ; ImmutableOopMap {[144]=Oop [96]=Oop [92]=Oop ecx=Oop edi=Oop [88]=Oop edx=Oop }
              ;*invokevirtual isAncestor {reexecute=0 rethrow=0 return_oop=0}
              ; - java.lang.ClassLoader::needsClassLoaderPermissionCheck@15 (line 2035)
              ; - java.lang.ClassLoader::checkClassLoaderPermission@15 (line 2059)
              ; - java.lang.Class::getClassLoader@23 (line 901)
              ; - java.lang.invoke.MethodHandles$Lookup$ClassDefiner::defineClass@9 (line 2436)
              ;   {runtime_call throw_null_pointer_exception Runtime1 stub}
  0x03d49da4: 9ccc ffe8 

  0x03d49da8: ; ImmutableOopMap {[144]=Oop [96]=Oop [92]=Oop ecx=Oop edi=Oop [88]=Oop edx=Oop }
              ;*getfield parent {reexecute=1 rethrow=0 return_oop=0}
              ; - (reexecute) java.lang.ClassLoader::isAncestor@3 (line 2013)
              ; - java.lang.ClassLoader::needsClassLoaderPermissionCheck@15 (line 2035)
              ; - java.lang.ClassLoader::checkClassLoaderPermission@15 (line 2059)
              ; - java.lang.Class::getClassLoader@23 (line 901)
              ; - java.lang.invoke.MethodHandles$Lookup$ClassDefiner::defineClass@9 (line 2436)
  0x03d49da8: 349c ccff 

  0x03d49dac: ;   {runtime_call throw_null_pointer_exception Runtime1 stub}
  0x03d49dac: e82f 9ccc 

  0x03d49db0: ; ImmutableOopMap {[144]=Oop [96]=Oop edi=Oop ecx=Oop [92]=Oop esi=Oop [104]=Oop }
              ;*invokevirtual lookupClassProtectionDomain {reexecute=0 rethrow=0 return_oop=0}
              ; - java.lang.invoke.MethodHandles$Lookup$ClassDefiner::defineClass@23 (line 2437)
              ;   {runtime_call throw_incompatible_class_change_error Runtime1 stub}
  0x03d49db0: ffe8 aa8b 

  0x03d49db4: ; ImmutableOopMap {[144]=Oop [96]=Oop [108]=Oop [92]=Oop ebx=Oop eax=Oop [104]=Oop }
              ;*invokeinterface protectionDomain {reexecute=0 rethrow=0 return_oop=0}
              ; - java.lang.invoke.MethodHandles$Lookup::lookupClassProtectionDomain@17 (line 2457)
              ; - java.lang.invoke.MethodHandles$Lookup$ClassDefiner::defineClass@23 (line 2437)
              ;   {runtime_call throw_null_pointer_exception Runtime1 stub}
  0x03d49db4: ccff e825 

  0x03d49db8: ; ImmutableOopMap {[144]=Oop [96]=Oop [108]=Oop [92]=Oop eax=Oop [104]=Oop }
              ;*invokeinterface protectionDomain {reexecute=0 rethrow=0 return_oop=0}
              ; - java.lang.invoke.MethodHandles$Lookup::lookupClassProtectionDomain@17 (line 2457)
              ; - java.lang.invoke.MethodHandles$Lookup$ClassDefiner::defineClass@23 (line 2437)
              ;   {runtime_call throw_null_pointer_exception Runtime1 stub}
  0x03d49db8: 9ccc ffe8 

  0x03d49dbc: ; ImmutableOopMap {[144]=Oop [96]=Oop [108]=Oop [92]=Oop eax=Oop [104]=Oop }
              ;*invokevirtual protectionDomain {reexecute=0 rethrow=0 return_oop=0}
              ; - java.lang.System$2::protectionDomain@1 (line 2426)
              ; - java.lang.invoke.MethodHandles$Lookup::lookupClassProtectionDomain@17 (line 2457)
              ; - java.lang.invoke.MethodHandles$Lookup$ClassDefiner::defineClass@23 (line 2437)
  0x03d49dbc: 209c ccff 

  0x03d49dc0: ;   {runtime_call throw_incompatible_class_change_error Runtime1 stub}
  0x03d49dc0: e89b 8bcc 

  0x03d49dc4: ; ImmutableOopMap {[112]=Oop edi=Oop [96]=Oop edx=Oop [144]=Oop eax=Oop [116]=Oop [120]=Oop [92]=Oop }
              ;*invokeinterface defineClass {reexecute=0 rethrow=0 return_oop=0}
              ; - java.lang.invoke.MethodHandles$Lookup$ClassDefiner::defineClass@54 (line 2439)
              ;   {runtime_call throw_null_pointer_exception Runtime1 stub}
  0x03d49dc4: ffe8 169c 

  0x03d49dc8: ; ImmutableOopMap {[112]=Oop edi=Oop [96]=Oop edx=Oop [144]=Oop eax=Oop [116]=Oop [120]=Oop [92]=Oop }
              ;*invokeinterface defineClass {reexecute=0 rethrow=0 return_oop=0}
              ; - java.lang.invoke.MethodHandles$Lookup$ClassDefiner::defineClass@54 (line 2439)
  0x03d49dc8: ccff 5152 

  0x03d49dcc: ;   {internal_word}
  0x03d49dcc: b986 9dd4 | 0364 8b14 | 2500 0000 | 008b 52f4 | 898a 5c02 | 0000 5a59 

  0x03d49de4: ;   {runtime_call SafepointBlob}
  0x03d49de4: e9b7 bace | ff90 9064 | 8b34 2500 | 0000 008b | 76f4 8b86 | 8402 0000 | c786 8402 | 0000 0000 
  0x03d49e04: 0000 c786 | 8802 0000 | 0000 0000 | 81c4 8800 

  0x03d49e14: ;   {runtime_call unwind_exception Runtime1 stub}
  0x03d49e14: 0000 5de9 | f4a1 ccff | f4f4 f4f4 
[Stub Code]
  0x03d49e20: ;   {no_reloc}
  0x03d49e20: 6690 bb00 

  0x03d49e24: ;   {runtime_call}
  0x03d49e24: 0000 00e9 | fbff ffff 

  0x03d49e2c: ;   {static_stub}
  0x03d49e2c: 6690 bb00 

  0x03d49e30: ;   {runtime_call}
  0x03d49e30: 0000 00e9 | fbff ffff 

  0x03d49e38: ;   {static_stub}
  0x03d49e38: 6690 bbd0 

  0x03d49e3c: ;   {runtime_call I2C/C2I adapters}
  0x03d49e3c: 4a01 66e9 | 92b9 caff 

  0x03d49e44: ;   {static_stub}
  0x03d49e44: 6690 bb00 

  0x03d49e48: ;   {runtime_call}
  0x03d49e48: 0000 00e9 | fbff ffff 
[Exception Handler]
  0x03d49e50: ;   {runtime_call handle_exception_from_callee Runtime1 stub}
  0x03d49e50: e8bb 8ecc 

  0x03d49e54: ;   {external_word}
  0x03d49e54: ff68 30b7 | 2169 e800 | 0000 0060 

  0x03d49e60: ;   {runtime_call}
  0x03d49e60: e8fb f032 

  0x03d49e64: ;   {section_word}
  0x03d49e64: 65f4 6866 

  0x03d49e68: ;   {runtime_call DeoptimizationBlob}
  0x03d49e68: 9ed4 03e9 | d0b3 ceff 
[/MachCode]


---------------  P R O C E S S  ---------------

Threads class SMR info:
_java_thread_list=0x7940e4b8, length=220, elements={
0x03922c20, 0x65a1e810, 0x65a1fa20, 0x65a54a70,
0x65a3e0e8, 0x65a3e9f8, 0x65a3fa30, 0x65a461f8,
0x65a47a40, 0x65b2a6e0, 0x65be83f8, 0x69e1e518,
0x69e73508, 0x69f10c90, 0x69f5d788, 0x69f5e180,
0x69f98658, 0x69f80f70, 0x69f80920, 0x69f805f8,
0x69f81298, 0x69f815c0, 0x69f7ffa8, 0x69f802d0,
0x69f7f958, 0x6a2f7610, 0x6a2f6320, 0x6a2f8900,
0x6a2f8c28, 0x6a2f85d8, 0x6a2f95a0, 0x6a2f6648,
0x6a2f6970, 0x6a2f98c8, 0x6a2f6fc0, 0x6a2f72e8,
0x6a2f7f88, 0x6a2f7938, 0x6a2f7c60, 0x6a2f82b0,
0x6c517688, 0x6c5179b0, 0x6c519c68, 0x6c51a2b8,
0x6c519618, 0x6c519f90, 0x6c518000, 0x6c518328,
0x6c517cd8, 0x6c5192f0, 0x6c51a5e0, 0x6c518978,
0x6c518650, 0x6c51a908, 0x6c518ca0, 0x6c518fc8,
0x6c51ac30, 0x6c517360, 0x6c6d1890, 0x6c6d2a10,
0x6c6d2d38, 0x6c519940, 0x6c517038, 0x6c6d4ee0,
0x6c6d64f8, 0x6c6d5ea8, 0x6c6d5858, 0x6c6d61d0,
0x6c6d96f8, 0x6c6d23c0, 0x6c6d26e8, 0x6cfa31d0,
0x6cfa2530, 0x6fa62308, 0x6c3e1598, 0x6c3e0f48,
0x6c3e1270, 0x6c6d1bb8, 0x6ccac5d8, 0x6ccabf88,
0x6ccacf50, 0x6ccac900, 0x6ccacc28, 0x6ccad278,
0x6cdfacb8, 0x6c3e1c28, 0x6c3e18c0, 0x6c3e0c20,
0x6c6d9a20, 0x6c6d9d48, 0x6c6da070, 0x6c6da398,
0x6ff25258, 0x6ff26220, 0x6ff26b98, 0x6ff26ec0,
0x6ff25ef8, 0x6ff25580, 0x6ff258a8, 0x6ff25bd0,
0x6ff26548, 0x6ff26870, 0x6fee44a0, 0x6fee4af0,
0x6fee5140, 0x6fee4e18, 0x6fee5468, 0x6fee47c8,
0x6ff8cb00, 0x6ff8d150, 0x6cdfc5f8, 0x6ccad5a0,
0x6ffc1420, 0x6ffc10f8, 0x6ffc1d98, 0x6ffc1a70,
0x6ffc1748, 0x6ffd4308, 0x6ffd52d0, 0x6ffd4630,
0x6fa62958, 0x6fa632d0, 0x6ffd6960, 0x6c6d2098,
0x6ffd4958, 0x6ffd4fa8, 0x6ffd4c80, 0x6ffd5c48,
0x6ffd3fe0, 0x6ffd55f8, 0x6ffd5920, 0x700501f8,
0x7004f558, 0x7004fed0, 0x7004f230, 0x70050520,
0x7004f880, 0x7004fba8, 0x7004e8b8, 0x7004ef08,
0x701d1380, 0x701d0d30, 0x701cf718, 0x701d0090,
0x701d1058, 0x6fee5de0, 0x6fee4178, 0x6c6d5208,
0x6c6d6b48, 0x70326870, 0x703271e8, 0x6ffd6c88,
0x6ffd5fe8, 0x6cdfb958, 0x6cdfbfa8, 0x70326548,
0x70327510, 0x703360b0, 0x703363d8, 0x701d0a08,
0x701cfa40, 0x701cfd68, 0x6fee5790, 0x6fee5ab8,
0x70375370, 0x70376cb0, 0x6cdfbc80, 0x70379c30,
0x7037a5a8, 0x70379f58, 0x7037a280, 0x7037abf8,
0x7037a8d0, 0x6cb54db8, 0x6ccac2b0, 0x6ccad8c8,
0x6ccabc60, 0x70395070, 0x6c3e3280, 0x6c3e2c30,
0x6c3e2f58, 0x6c3e38d0, 0x6c3e35a8, 0x703e71a0,
0x6c6d5b80, 0x701d2d78, 0x701d2a50, 0x701d2728,
0x701d30a0, 0x701d33c8, 0x79210708, 0x7920f0f0,
0x7920f418, 0x7920fa68, 0x792100b8, 0x703759c0,
0x70376338, 0x70375ce8, 0x70375048, 0x70376010,
0x70376660, 0x792103e0, 0x70336700, 0x6cb55408,
0x6cb54a90, 0x6cb55730, 0x79ea3680, 0x79ea3030,
0x79ea39a8, 0x79ea3358, 0x79ea3cd0, 0x799aa368,
0x799ab980, 0x799abca8, 0x703792b8, 0x703795e0,
0x7929e688, 0x70379908, 0x7929f978, 0x799aa040
}

Java Threads: ( => current thread )
  0x03922c20 JavaThread "main" [_thread_blocked, id=19760, stack(0x01800000,0x01850000)]
  0x65a1e810 JavaThread "Reference Handler" daemon [_thread_blocked, id=25680, stack(0x03810000,0x03860000)]
  0x65a1fa20 JavaThread "Finalizer" daemon [_thread_blocked, id=22532, stack(0x038a0000,0x038f0000)]
  0x65a54a70 JavaThread "Signal Dispatcher" daemon [_thread_blocked, id=9032, stack(0x65d50000,0x65da0000)]
  0x65a3e0e8 JavaThread "Attach Listener" daemon [_thread_blocked, id=31636, stack(0x65de0000,0x65e30000)]
  0x65a3e9f8 JavaThread "Service Thread" daemon [_thread_blocked, id=15124, stack(0x65e70000,0x65ec0000)]
  0x65a3fa30 JavaThread "Monitor Deflation Thread" daemon [_thread_blocked, id=22256, stack(0x65f00000,0x65f50000)]
  0x65a461f8 JavaThread "C1 CompilerThread0" daemon [_thread_blocked, id=32736, stack(0x65f90000,0x65fe0000)]
  0x65a47a40 JavaThread "Sweeper thread" daemon [_thread_blocked, id=24488, stack(0x67040000,0x67090000)]
  0x65b2a6e0 JavaThread "Common-Cleaner" daemon [_thread_blocked, id=31556, stack(0x670d0000,0x67120000)]
  0x65be83f8 JavaThread "Notification Thread" daemon [_thread_blocked, id=26440, stack(0x67160000,0x671b0000)]
  0x69e1e518 JavaThread "Daemon health stats" [_thread_blocked, id=16124, stack(0x67e80000,0x67ed0000)]
  0x69e73508 JavaThread "Incoming local TCP Connector on port 52981" [_thread_in_native, id=24076, stack(0x68250000,0x682a0000)]
  0x69f10c90 JavaThread "Daemon periodic checks" [_thread_blocked, id=19180, stack(0x68440000,0x68490000)]
  0x69f5d788 JavaThread "Daemon" [_thread_blocked, id=26692, stack(0x684d0000,0x68520000)]
  0x69f5e180 JavaThread "Handler for socket connection from /127.0.0.1:52981 to /127.0.0.1:52982" [_thread_in_native, id=9840, stack(0x685a0000,0x685f0000)]
  0x69f98658 JavaThread "Cancel handler" [_thread_blocked, id=22440, stack(0x68630000,0x68680000)]
  0x69f80f70 JavaThread "Daemon worker" [_thread_blocked, id=30248, stack(0x686c0000,0x68710000)]
  0x69f80920 JavaThread "Asynchronous log dispatcher for DefaultDaemonConnection: socket connection from /127.0.0.1:52981 to /127.0.0.1:52982" [_thread_blocked, id=4620, stack(0x68b80000,0x68bd0000)]
  0x69f805f8 JavaThread "Stdin handler" [_thread_blocked, id=32192, stack(0x68c10000,0x68c60000)]
  0x69f81298 JavaThread "Daemon client event forwarder" [_thread_blocked, id=31704, stack(0x68cd0000,0x68d20000)]
  0x69f815c0 JavaThread "Cache worker for journal cache (C:\Users\AnilPraveen\.gradle\caches\journal-1)" [_thread_blocked, id=27284, stack(0x68d60000,0x68db0000)]
  0x69f7ffa8 JavaThread "File lock request listener" [_thread_in_native, id=1936, stack(0x6a6b0000,0x6a700000)]
  0x69f802d0 JavaThread "Cache worker for file hash cache (C:\Users\AnilPraveen\.gradle\caches\8.11.1\fileHashes)" [_thread_blocked, id=13720, stack(0x6a740000,0x6a790000)]
  0x69f7f958 JavaThread "Cache worker for file content cache (C:\Users\AnilPraveen\.gradle\caches\8.11.1\fileContent)" [_thread_blocked, id=11476, stack(0x6a7d0000,0x6a820000)]
  0x6a2f7610 JavaThread "Cache worker for file hash cache (D:\My Projects\mygovtjobs-main\android-twa\.gradle\8.11.1\fileHashes)" [_thread_blocked, id=7412, stack(0x6a8f0000,0x6a940000)]
  0x6a2f6320 JavaThread "Cache worker for Build Output Cleanup Cache (D:\My Projects\mygovtjobs-main\android-twa\.gradle\buildOutputCleanup)" [_thread_blocked, id=28124, stack(0x6a980000,0x6a9d0000)]
  0x6a2f8900 JavaThread "File watcher server" daemon [_thread_in_native, id=22992, stack(0x6aa10000,0x6aa60000)]
  0x6a2f8c28 JavaThread "File watcher consumer" daemon [_thread_blocked, id=23204, stack(0x6aad0000,0x6ab20000)]
  0x6a2f85d8 JavaThread "Cache worker for checksums cache (D:\My Projects\mygovtjobs-main\android-twa\.gradle\8.11.1\checksums)" [_thread_blocked, id=21200, stack(0x6ab60000,0x6abb0000)]
  0x6a2f95a0 JavaThread "Cache worker for cache directory md-rule (C:\Users\AnilPraveen\.gradle\caches\8.11.1\md-rule)" [_thread_blocked, id=27272, stack(0x6ac80000,0x6acd0000)]
  0x6a2f6648 JavaThread "Cache worker for cache directory md-supplier (C:\Users\AnilPraveen\.gradle\caches\8.11.1\md-supplier)" [_thread_blocked, id=18732, stack(0x6ad10000,0x6ad60000)]
  0x6a2f6970 JavaThread "jar transforms" [_thread_blocked, id=31284, stack(0x6ae10000,0x6ae60000)]
  0x6a2f98c8 JavaThread "jar transforms Thread 2" [_thread_blocked, id=5212, stack(0x6aea0000,0x6aef0000)]
  0x6a2f6fc0 JavaThread "jar transforms Thread 3" [_thread_blocked, id=25332, stack(0x6af30000,0x6af80000)]
  0x6a2f72e8 JavaThread "Problems report writer" [_thread_blocked, id=15808, stack(0x6e000000,0x6e050000)]
  0x6a2f7f88 JavaThread "Unconstrained build operations" [_thread_blocked, id=27496, stack(0x6e050000,0x6e0a0000)]
  0x6a2f7938 JavaThread "Unconstrained build operations Thread 2" [_thread_blocked, id=29684, stack(0x6e0e0000,0x6e130000)]
  0x6a2f7c60 JavaThread "Unconstrained build operations Thread 3" [_thread_blocked, id=11276, stack(0x6e170000,0x6e1c0000)]
  0x6a2f82b0 JavaThread "Unconstrained build operations Thread 4" [_thread_blocked, id=30612, stack(0x6e200000,0x6e250000)]
  0x6c517688 JavaThread "Unconstrained build operations Thread 5" [_thread_blocked, id=24324, stack(0x6e290000,0x6e2e0000)]
  0x6c5179b0 JavaThread "Unconstrained build operations Thread 6" [_thread_blocked, id=17740, stack(0x6e320000,0x6e370000)]
  0x6c519c68 JavaThread "Unconstrained build operations Thread 7" [_thread_blocked, id=11416, stack(0x6e3b0000,0x6e400000)]
  0x6c51a2b8 JavaThread "Unconstrained build operations Thread 8" [_thread_blocked, id=23852, stack(0x6e440000,0x6e490000)]
  0x6c519618 JavaThread "Unconstrained build operations Thread 9" [_thread_blocked, id=30144, stack(0x6e4d0000,0x6e520000)]
  0x6c519f90 JavaThread "Unconstrained build operations Thread 10" [_thread_blocked, id=23428, stack(0x6e560000,0x6e5b0000)]
  0x6c518000 JavaThread "Unconstrained build operations Thread 11" [_thread_blocked, id=14700, stack(0x6e5f0000,0x6e640000)]
  0x6c518328 JavaThread "Unconstrained build operations Thread 12" [_thread_blocked, id=18564, stack(0x6e680000,0x6e6d0000)]
  0x6c517cd8 JavaThread "Unconstrained build operations Thread 13" [_thread_blocked, id=25884, stack(0x6e710000,0x6e760000)]
  0x6c5192f0 JavaThread "Unconstrained build operations Thread 14" [_thread_blocked, id=13952, stack(0x6e7a0000,0x6e7f0000)]
  0x6c51a5e0 JavaThread "Unconstrained build operations Thread 15" [_thread_blocked, id=5280, stack(0x6e830000,0x6e880000)]
  0x6c518978 JavaThread "Unconstrained build operations Thread 16" [_thread_blocked, id=19684, stack(0x6e8c0000,0x6e910000)]
  0x6c518650 JavaThread "Unconstrained build operations Thread 17" [_thread_blocked, id=4068, stack(0x6e950000,0x6e9a0000)]
  0x6c51a908 JavaThread "Unconstrained build operations Thread 18" [_thread_blocked, id=7856, stack(0x6e9e0000,0x6ea30000)]
  0x6c518ca0 JavaThread "Unconstrained build operations Thread 19" [_thread_blocked, id=28416, stack(0x6ea70000,0x6eac0000)]
  0x6c518fc8 JavaThread "Unconstrained build operations Thread 20" [_thread_blocked, id=9944, stack(0x6eb00000,0x6eb50000)]
  0x6c51ac30 JavaThread "Unconstrained build operations Thread 21" [_thread_blocked, id=30740, stack(0x6eb90000,0x6ebe0000)]
  0x6c517360 JavaThread "Unconstrained build operations Thread 22" [_thread_blocked, id=22956, stack(0x6ec20000,0x6ec70000)]
  0x6c6d1890 JavaThread "Unconstrained build operations Thread 23" [_thread_blocked, id=10012, stack(0x6ecb0000,0x6ed00000)]
  0x6c6d2a10 JavaThread "Unconstrained build operations Thread 24" [_thread_blocked, id=16536, stack(0x6ee40000,0x6ee90000)]
  0x6c6d2d38 JavaThread "Unconstrained build operations Thread 25" [_thread_blocked, id=11340, stack(0x6eed0000,0x6ef20000)]
  0x6c519940 JavaThread "Unconstrained build operations Thread 26" [_thread_blocked, id=32760, stack(0x6ef60000,0x6efb0000)]
  0x6c517038 JavaThread "Unconstrained build operations Thread 27" [_thread_blocked, id=7700, stack(0x6eff0000,0x6f040000)]
  0x6c6d4ee0 JavaThread "Unconstrained build operations Thread 28" [_thread_blocked, id=29028, stack(0x6f080000,0x6f0d0000)]
  0x6c6d64f8 JavaThread "Unconstrained build operations Thread 29" [_thread_blocked, id=17312, stack(0x6f110000,0x6f160000)]
  0x6c6d5ea8 JavaThread "Unconstrained build operations Thread 30" [_thread_blocked, id=32584, stack(0x6f1a0000,0x6f1f0000)]
  0x6c6d5858 JavaThread "Unconstrained build operations Thread 31" [_thread_blocked, id=14932, stack(0x6f230000,0x6f280000)]
  0x6c6d61d0 JavaThread "Unconstrained build operations Thread 32" [_thread_blocked, id=16268, stack(0x6f2c0000,0x6f310000)]
  0x6c6d96f8 JavaThread "Unconstrained build operations Thread 33" [_thread_blocked, id=31300, stack(0x6f350000,0x6f3a0000)]
  0x6c6d23c0 JavaThread "jar transforms Thread 4" [_thread_blocked, id=31024, stack(0x6f3e0000,0x6f430000)]
  0x6c6d26e8 JavaThread "jar transforms Thread 5" [_thread_blocked, id=10616, stack(0x6f470000,0x6f4c0000)]
  0x6cfa31d0 JavaThread "Memory manager" [_thread_blocked, id=17252, stack(0x704d0000,0x70520000)]
  0x6cfa2530 JavaThread "jar transforms Thread 6" [_thread_blocked, id=10552, stack(0x70560000,0x705b0000)]
  0x6fa62308 JavaThread "included builds" [_thread_blocked, id=29216, stack(0x705f0000,0x70640000)]
  0x6c3e1598 JavaThread "Execution worker" [_thread_blocked, id=12552, stack(0x70680000,0x706d0000)]
  0x6c3e0f48 JavaThread "Execution worker Thread 2" [_thread_blocked, id=4236, stack(0x70710000,0x70760000)]
  0x6c3e1270 JavaThread "Execution worker Thread 3" [_thread_blocked, id=3196, stack(0x707a0000,0x707f0000)]
  0x6c6d1bb8 JavaThread "Execution worker Thread 4" [_thread_blocked, id=26136, stack(0x70830000,0x70880000)]
  0x6ccac5d8 JavaThread "Execution worker Thread 5" [_thread_blocked, id=21112, stack(0x708c0000,0x70910000)]
  0x6ccabf88 JavaThread "Execution worker Thread 6" [_thread_blocked, id=6440, stack(0x70950000,0x709a0000)]
  0x6ccacf50 JavaThread "Execution worker Thread 7" [_thread_blocked, id=19072, stack(0x709e0000,0x70a30000)]
  0x6ccac900 JavaThread "Execution worker Thread 8" [_thread_blocked, id=5472, stack(0x70a70000,0x70ac0000)]
  0x6ccacc28 JavaThread "Execution worker Thread 9" [_thread_blocked, id=20932, stack(0x70b00000,0x70b50000)]
  0x6ccad278 JavaThread "Execution worker Thread 10" [_thread_blocked, id=22060, stack(0x70b90000,0x70be0000)]
  0x6cdfacb8 JavaThread "Execution worker Thread 11" [_thread_blocked, id=25444, stack(0x70c20000,0x70c70000)]
  0x6c3e1c28 JavaThread "Cache worker for execution history cache (D:\My Projects\mygovtjobs-main\android-twa\.gradle\8.11.1\executionHistory)" [_thread_blocked, id=25740, stack(0x70cb0000,0x70d00000)]
  0x6c3e18c0 JavaThread "WorkerExecutor Queue" [_thread_blocked, id=13364, stack(0x70d40000,0x70d90000)]
  0x6c3e0c20 JavaThread "WorkerExecutor Queue Thread 2" [_thread_blocked, id=8420, stack(0x70dd0000,0x70e20000)]
  0x6c6d9a20 JavaThread "Unconstrained build operations Thread 34" [_thread_blocked, id=27568, stack(0x70ef0000,0x70f40000)]
  0x6c6d9d48 JavaThread "Unconstrained build operations Thread 35" [_thread_blocked, id=17496, stack(0x70f80000,0x70fd0000)]
  0x6c6da070 JavaThread "Unconstrained build operations Thread 36" [_thread_blocked, id=31044, stack(0x73040000,0x73090000)]
  0x6c6da398 JavaThread "Unconstrained build operations Thread 37" [_thread_blocked, id=7552, stack(0x730d0000,0x73120000)]
  0x6ff25258 JavaThread "Unconstrained build operations Thread 38" [_thread_blocked, id=24992, stack(0x73160000,0x731b0000)]
  0x6ff26220 JavaThread "Unconstrained build operations Thread 39" [_thread_blocked, id=28944, stack(0x731f0000,0x73240000)]
  0x6ff26b98 JavaThread "Unconstrained build operations Thread 40" [_thread_blocked, id=31748, stack(0x73280000,0x732d0000)]
  0x6ff26ec0 JavaThread "Unconstrained build operations Thread 41" [_thread_blocked, id=7740, stack(0x73310000,0x73360000)]
  0x6ff25ef8 JavaThread "Unconstrained build operations Thread 42" [_thread_blocked, id=5100, stack(0x733a0000,0x733f0000)]
  0x6ff25580 JavaThread "Unconstrained build operations Thread 43" [_thread_blocked, id=9524, stack(0x73430000,0x73480000)]
  0x6ff258a8 JavaThread "Unconstrained build operations Thread 44" [_thread_blocked, id=27108, stack(0x734c0000,0x73510000)]
  0x6ff25bd0 JavaThread "Unconstrained build operations Thread 45" [_thread_blocked, id=31996, stack(0x73550000,0x735a0000)]
  0x6ff26548 JavaThread "Unconstrained build operations Thread 46" [_thread_blocked, id=1056, stack(0x735e0000,0x73630000)]
  0x6ff26870 JavaThread "Unconstrained build operations Thread 47" [_thread_blocked, id=25840, stack(0x73670000,0x736c0000)]
  0x6fee44a0 JavaThread "Unconstrained build operations Thread 48" [_thread_blocked, id=29752, stack(0x73700000,0x73750000)]
  0x6fee4af0 JavaThread "Unconstrained build operations Thread 49" [_thread_blocked, id=25936, stack(0x73790000,0x737e0000)]
  0x6fee5140 JavaThread "Unconstrained build operations Thread 50" [_thread_blocked, id=16588, stack(0x73820000,0x73870000)]
  0x6fee4e18 JavaThread "Unconstrained build operations Thread 51" [_thread_blocked, id=3344, stack(0x738b0000,0x73900000)]
  0x6fee5468 JavaThread "Unconstrained build operations Thread 52" [_thread_blocked, id=27188, stack(0x73940000,0x73990000)]
  0x6fee47c8 JavaThread "Unconstrained build operations Thread 53" [_thread_blocked, id=10648, stack(0x739d0000,0x73a20000)]
  0x6ff8cb00 JavaThread "Unconstrained build operations Thread 54" [_thread_blocked, id=30976, stack(0x73a60000,0x73ab0000)]
  0x6ff8d150 JavaThread "Unconstrained build operations Thread 55" [_thread_blocked, id=13336, stack(0x73af0000,0x73b40000)]
  0x6cdfc5f8 JavaThread "WorkerExecutor Queue Thread 3" [_thread_blocked, id=8972, stack(0x73b80000,0x73bd0000)]
  0x6ccad5a0 JavaThread "WorkerExecutor Queue Thread 4" [_thread_blocked, id=9824, stack(0x73c10000,0x73c60000)]
  0x6ffc1420 JavaThread "Unconstrained build operations Thread 56" [_thread_blocked, id=24548, stack(0x73ca0000,0x73cf0000)]
  0x6ffc10f8 JavaThread "Unconstrained build operations Thread 57" [_thread_blocked, id=16324, stack(0x73d30000,0x73d80000)]
  0x6ffc1d98 JavaThread "Unconstrained build operations Thread 58" [_thread_blocked, id=23320, stack(0x73e00000,0x73e50000)]
  0x6ffc1a70 JavaThread "Unconstrained build operations Thread 59" [_thread_blocked, id=32456, stack(0x73e90000,0x73ee0000)]
  0x6ffc1748 JavaThread "Unconstrained build operations Thread 60" [_thread_blocked, id=31100, stack(0x74020000,0x74070000)]
  0x6ffd4308 JavaThread "Unconstrained build operations Thread 61" [_thread_blocked, id=27640, stack(0x74130000,0x74180000)]
  0x6ffd52d0 JavaThread "Unconstrained build operations Thread 62" [_thread_blocked, id=14504, stack(0x74380000,0x743d0000)]
  0x6ffd4630 JavaThread "Unconstrained build operations Thread 63" [_thread_blocked, id=30836, stack(0x74410000,0x74460000)]
  0x6fa62958 JavaThread "Unconstrained build operations Thread 64" [_thread_blocked, id=25652, stack(0x744a0000,0x744f0000)]
  0x6fa632d0 JavaThread "Unconstrained build operations Thread 65" [_thread_blocked, id=32412, stack(0x746c0000,0x74710000)]
  0x6ffd6960 JavaThread "Unconstrained build operations Thread 66" [_thread_blocked, id=12948, stack(0x74750000,0x747a0000)]
  0x6c6d2098 JavaThread "WorkerExecutor Queue Thread 5" [_thread_blocked, id=30792, stack(0x747e0000,0x74830000)]
  0x6ffd4958 JavaThread "Unconstrained build operations Thread 67" [_thread_blocked, id=29396, stack(0x74870000,0x748c0000)]
  0x6ffd4fa8 JavaThread "Unconstrained build operations Thread 68" [_thread_blocked, id=32324, stack(0x750c0000,0x75110000)]
  0x6ffd4c80 JavaThread "Unconstrained build operations Thread 69" [_thread_blocked, id=16704, stack(0x75110000,0x75160000)]
  0x6ffd5c48 JavaThread "Unconstrained build operations Thread 70" [_thread_blocked, id=5476, stack(0x751a0000,0x751f0000)]
  0x6ffd3fe0 JavaThread "Unconstrained build operations Thread 71" [_thread_blocked, id=29708, stack(0x75440000,0x75490000)]
  0x6ffd55f8 JavaThread "Unconstrained build operations Thread 72" [_thread_blocked, id=27492, stack(0x75540000,0x75590000)]
  0x6ffd5920 JavaThread "Unconstrained build operations Thread 73" [_thread_blocked, id=28948, stack(0x758f0000,0x75940000)]
  0x700501f8 JavaThread "Unconstrained build operations Thread 74" [_thread_blocked, id=2696, stack(0x759c0000,0x75a10000)]
  0x7004f558 JavaThread "Unconstrained build operations Thread 75" [_thread_blocked, id=6264, stack(0x75a50000,0x75aa0000)]
  0x7004fed0 JavaThread "Unconstrained build operations Thread 76" [_thread_blocked, id=28940, stack(0x75e50000,0x75ea0000)]
  0x7004f230 JavaThread "Unconstrained build operations Thread 77" [_thread_blocked, id=18612, stack(0x75ee0000,0x75f30000)]
  0x70050520 JavaThread "WorkerExecutor Queue Thread 6" [_thread_blocked, id=26836, stack(0x763a0000,0x763f0000)]
  0x7004f880 JavaThread "WorkerExecutor Queue Thread 7" [_thread_blocked, id=30456, stack(0x76bd0000,0x76c20000)]
  0x7004fba8 JavaThread "WorkerExecutor Queue Thread 9" [_thread_blocked, id=19856, stack(0x76e20000,0x76e70000)]
  0x7004e8b8 JavaThread "WorkerExecutor Queue Thread 10" [_thread_blocked, id=32112, stack(0x76fb0000,0x77000000)]
  0x7004ef08 JavaThread "WorkerExecutor Queue Thread 11" [_thread_blocked, id=26956, stack(0x770d0000,0x77120000)]
  0x701d1380 JavaThread "WorkerExecutor Queue Thread 12" [_thread_blocked, id=8496, stack(0x77230000,0x77280000)]
  0x701d0d30 JavaThread "Unconstrained build operations Thread 78" [_thread_blocked, id=17752, stack(0x772c0000,0x77310000)]
  0x701cf718 JavaThread "pool-3-thread-1" [_thread_blocked, id=3368, stack(0x77350000,0x773a0000)]
  0x701d0090 JavaThread "stderr" [_thread_in_native, id=19352, stack(0x774e0000,0x77530000)]
  0x701d1058 JavaThread "stdout" [_thread_in_native, id=23012, stack(0x77570000,0x775c0000)]
  0x6fee5de0 JavaThread "stderr" [_thread_in_native, id=32460, stack(0x77600000,0x77650000)]
  0x6fee4178 JavaThread "stdout" [_thread_in_native, id=31960, stack(0x779b0000,0x77a00000)]
  0x6c6d5208 JavaThread "stderr" [_thread_in_native, id=7288, stack(0x77c30000,0x77c80000)]
  0x6c6d6b48 JavaThread "stdout" [_thread_in_native, id=9608, stack(0x77cc0000,0x77d10000)]
  0x70326870 JavaThread "stderr" [_thread_in_native, id=26380, stack(0x77d50000,0x77da0000)]
  0x703271e8 JavaThread "stdout" [_thread_in_native, id=11360, stack(0x77de0000,0x77e30000)]
  0x6ffd6c88 JavaThread "stderr" [_thread_in_native, id=2392, stack(0x77e70000,0x77ec0000)]
  0x6ffd5fe8 JavaThread "stdout" [_thread_in_native, id=14912, stack(0x77f00000,0x77f50000)]
  0x6cdfb958 JavaThread "stderr" [_thread_in_native, id=7768, stack(0x77f90000,0x77fe0000)]
  0x6cdfbfa8 JavaThread "stdout" [_thread_in_native, id=31740, stack(0x78020000,0x78070000)]
  0x70326548 JavaThread "stderr" [_thread_in_native, id=25796, stack(0x780b0000,0x78100000)]
  0x70327510 JavaThread "stdout" [_thread_in_native, id=19172, stack(0x78140000,0x78190000)]
  0x703360b0 JavaThread "stderr" [_thread_in_native, id=28832, stack(0x781d0000,0x78220000)]
  0x703363d8 JavaThread "stdout" [_thread_in_native, id=22964, stack(0x78260000,0x782b0000)]
  0x701d0a08 JavaThread "Unconstrained build operations Thread 79" [_thread_blocked, id=15088, stack(0x782f0000,0x78340000)]
  0x701cfa40 JavaThread "Unconstrained build operations Thread 80" [_thread_blocked, id=12052, stack(0x78380000,0x783d0000)]
  0x701cfd68 JavaThread "Unconstrained build operations Thread 81" [_thread_blocked, id=13552, stack(0x78410000,0x78460000)]
  0x6fee5790 JavaThread "Unconstrained build operations Thread 82" [_thread_blocked, id=17128, stack(0x784a0000,0x784f0000)]
  0x6fee5ab8 JavaThread "Unconstrained build operations Thread 83" [_thread_blocked, id=14268, stack(0x78530000,0x78580000)]
  0x70375370 JavaThread "Unconstrained build operations Thread 84" [_thread_blocked, id=20980, stack(0x785c0000,0x78610000)]
  0x70376cb0 JavaThread "Unconstrained build operations Thread 85" [_thread_blocked, id=27848, stack(0x78650000,0x786a0000)]
  0x6cdfbc80 JavaThread "Unconstrained build operations Thread 86" [_thread_blocked, id=32496, stack(0x786e0000,0x78730000)]
  0x70379c30 JavaThread "Unconstrained build operations Thread 87" [_thread_blocked, id=32196, stack(0x78770000,0x787c0000)]
  0x7037a5a8 JavaThread "Unconstrained build operations Thread 88" [_thread_blocked, id=21884, stack(0x78800000,0x78850000)]
  0x70379f58 JavaThread "Unconstrained build operations Thread 89" [_thread_blocked, id=14624, stack(0x78890000,0x788e0000)]
  0x7037a280 JavaThread "Unconstrained build operations Thread 90" [_thread_blocked, id=12256, stack(0x78920000,0x78970000)]
  0x7037abf8 JavaThread "Unconstrained build operations Thread 91" [_thread_blocked, id=32048, stack(0x789b0000,0x78a00000)]
  0x7037a8d0 JavaThread "Unconstrained build operations Thread 92" [_thread_blocked, id=16780, stack(0x78a40000,0x78a90000)]
  0x6cb54db8 JavaThread "Unconstrained build operations Thread 93" [_thread_blocked, id=7228, stack(0x78ad0000,0x78b20000)]
  0x6ccac2b0 JavaThread "Unconstrained build operations Thread 94" [_thread_blocked, id=23776, stack(0x78b60000,0x78bb0000)]
  0x6ccad8c8 JavaThread "Unconstrained build operations Thread 95" [_thread_blocked, id=24864, stack(0x78bf0000,0x78c40000)]
  0x6ccabc60 JavaThread "Unconstrained build operations Thread 96" [_thread_blocked, id=27464, stack(0x78c80000,0x78cd0000)]
  0x70395070 JavaThread "Unconstrained build operations Thread 97" [_thread_blocked, id=31692, stack(0x78d10000,0x78d60000)]
  0x6c3e3280 JavaThread "Unconstrained build operations Thread 98" [_thread_blocked, id=3276, stack(0x78da0000,0x78df0000)]
  0x6c3e2c30 JavaThread "Unconstrained build operations Thread 99" [_thread_blocked, id=22592, stack(0x78e30000,0x78e80000)]
  0x6c3e2f58 JavaThread "Unconstrained build operations Thread 100" [_thread_blocked, id=24384, stack(0x78ec0000,0x78f10000)]
  0x6c3e38d0 JavaThread "Unconstrained build operations Thread 101" [_thread_blocked, id=30224, stack(0x78f50000,0x78fa0000)]
  0x6c3e35a8 JavaThread "Unconstrained build operations Thread 102" [_thread_blocked, id=27716, stack(0x78fe0000,0x79030000)]
  0x703e71a0 JavaThread "Unconstrained build operations Thread 103" [_thread_blocked, id=31508, stack(0x79070000,0x790c0000)]
  0x6c6d5b80 JavaThread "Unconstrained build operations Thread 104" [_thread_blocked, id=6884, stack(0x7a0d0000,0x7a120000)]
  0x701d2d78 JavaThread "Unconstrained build operations Thread 105" [_thread_blocked, id=26696, stack(0x7a160000,0x7a1b0000)]
  0x701d2a50 JavaThread "Unconstrained build operations Thread 106" [_thread_blocked, id=27268, stack(0x7a1f0000,0x7a240000)]
  0x701d2728 JavaThread "Unconstrained build operations Thread 107" [_thread_blocked, id=27312, stack(0x7a280000,0x7a2d0000)]
  0x701d30a0 JavaThread "Unconstrained build operations Thread 108" [_thread_blocked, id=31200, stack(0x7a310000,0x7a360000)]
  0x701d33c8 JavaThread "Unconstrained build operations Thread 109" [_thread_blocked, id=15972, stack(0x7a3a0000,0x7a3f0000)]
  0x79210708 JavaThread "Unconstrained build operations Thread 110" [_thread_blocked, id=32520, stack(0x7a430000,0x7a480000)]
  0x7920f0f0 JavaThread "Unconstrained build operations Thread 111" [_thread_blocked, id=29440, stack(0x7a4c0000,0x7a510000)]
  0x7920f418 JavaThread "Unconstrained build operations Thread 112" [_thread_blocked, id=14732, stack(0x7a550000,0x7a5a0000)]
  0x7920fa68 JavaThread "Unconstrained build operations Thread 113" [_thread_blocked, id=5248, stack(0x7a5e0000,0x7a630000)]
  0x792100b8 JavaThread "Unconstrained build operations Thread 114" [_thread_blocked, id=32556, stack(0x7a670000,0x7a6c0000)]
  0x703759c0 JavaThread "Unconstrained build operations Thread 115" [_thread_blocked, id=3260, stack(0x7a700000,0x7a750000)]
  0x70376338 JavaThread "Unconstrained build operations Thread 116" [_thread_blocked, id=21904, stack(0x7a790000,0x7a7e0000)]
  0x70375ce8 JavaThread "Unconstrained build operations Thread 117" [_thread_blocked, id=25248, stack(0x7a820000,0x7a870000)]
  0x70375048 JavaThread "Unconstrained build operations Thread 118" [_thread_blocked, id=29092, stack(0x7a8b0000,0x7a900000)]
  0x70376010 JavaThread "Unconstrained build operations Thread 119" [_thread_blocked, id=32364, stack(0x7a940000,0x7a990000)]
  0x70376660 JavaThread "Unconstrained build operations Thread 120" [_thread_blocked, id=15648, stack(0x7a9d0000,0x7aa20000)]
  0x792103e0 JavaThread "WorkerExecutor Queue Thread 13" [_thread_blocked, id=27672, stack(0x7aa60000,0x7aab0000)]
  0x70336700 JavaThread "Cache worker for Java compile cache (C:\Users\AnilPraveen\.gradle\caches\8.11.1\javaCompile)" [_thread_blocked, id=8664, stack(0x76d90000,0x76de0000)]
  0x6cb55408 JavaThread "Build operations" [_thread_blocked, id=1396, stack(0x7bc20000,0x7bc70000)]
  0x6cb54a90 JavaThread "Build operations Thread 2" [_thread_blocked, id=8628, stack(0x7bcb0000,0x7bd00000)]
  0x6cb55730 JavaThread "Build operations Thread 3" [_thread_blocked, id=12460, stack(0x7bd40000,0x7bd90000)]
  0x79ea3680 JavaThread "Build operations Thread 4" [_thread_blocked, id=30524, stack(0x7bdd0000,0x7be20000)]
  0x79ea3030 JavaThread "Build operations Thread 5" [_thread_blocked, id=12680, stack(0x7be60000,0x7beb0000)]
  0x79ea39a8 JavaThread "Build operations Thread 6" [_thread_blocked, id=1196, stack(0x7bef0000,0x7bf40000)]
  0x79ea3358 JavaThread "Build operations Thread 7" [_thread_blocked, id=10008, stack(0x7bf80000,0x7bfd0000)]
  0x79ea3cd0 JavaThread "Build operations Thread 8" [_thread_blocked, id=22200, stack(0x7d040000,0x7d090000)]
  0x799aa368 JavaThread "Build operations Thread 9" [_thread_blocked, id=30104, stack(0x7d0d0000,0x7d120000)]
  0x799ab980 JavaThread "Build operations Thread 10" [_thread_blocked, id=29164, stack(0x7d160000,0x7d1b0000)]
  0x799abca8 JavaThread "Build operations Thread 11" [_thread_blocked, id=31132, stack(0x7d1f0000,0x7d240000)]
  0x703792b8 JavaThread "ForkJoinPool-1-worker-1" daemon [_thread_blocked, id=24368, stack(0x7d280000,0x7d2d0000)]
  0x703795e0 JavaThread "ForkJoinPool-1-worker-2" daemon [_thread_in_vm, id=14296, stack(0x7d310000,0x7d360000)]
  0x7929e688 JavaThread "ForkJoinPool-1-worker-3" daemon [_thread_in_vm, id=30432, stack(0x7d3a0000,0x7d3f0000)]
  0x70379908 JavaThread "ForkJoinPool-1-worker-4" daemon [_thread_in_vm, id=31968, stack(0x7d430000,0x7d480000)]
=>0x7929f978 JavaThread "ForkJoinPool-1-worker-5" daemon [_thread_in_vm, id=28476, stack(0x7d4c0000,0x7d510000)]
  0x799aa040 JavaThread "ForkJoinPool-1-worker-6" daemon [_thread_in_vm, id=13356, stack(0x7d550000,0x7d5a0000)]

Other Threads:
  0x039de1a0 VMThread "VM Thread" [stack: 0x03780000,0x037d0000] [id=6352]
  0x65be8710 WatcherThread [stack: 0x671f0000,0x67240000] [id=30816]

Threads with active compile tasks:

VM state: not at safepoint (normal execution)

VM Mutex/Monitor currently owned by a thread:  ([mutex/lock_event])
[0x014e6740] Metaspace_lock - owner thread: 0x7929f978

GC Precious Log:
 CPUs: 12 total, 12 available
 Memory: 15599M
 Large Page Support: Disabled
 NUMA Support: Disabled
 Compressed Oops: Disabled
 Heap Min Capacity: 6M
 Heap Initial Capacity: 16M
 Heap Max Capacity: 1536M
 Pre-touch: Disabled

Heap:
 def new generation   total 157440K, used 24202K [0x05a00000, 0x104d0000, 0x25a00000)
  eden space 139968K,   9% used [0x05a00000, 0x067504c0, 0x0e2b0000)
  from space 17472K,  60% used [0x0e2b0000, 0x0ed02450, 0x0f3c0000)
  to   space 17472K,   0% used [0x0f3c0000, 0x0f3c0000, 0x104d0000)
 tenured generation   total 348116K, used 272648K [0x25a00000, 0x3adf5000, 0x65a00000)
   the space 348116K,  78% used [0x25a00000, 0x36442070, 0x36442200, 0x3adf5000)
 Metaspace       used 97270K, committed 97856K, reserved 98304K

Card table byte_map: [0x03260000,0x03570000] _byte_map_base: 0x03233000

Polling page: 0x01850000

Metaspace:

Usage:
   94.99 MB used.

Virtual space:
     96.00 MB reserved,      95.56 MB (>99%) committed,  6 nodes.

Chunk freelists:
0 bytes

MaxMetaspaceSize: unlimited
No class space
Initial GC threshold: 16.00 MB
Current GC threshold: 141.88 MB
CDS: off
MetaspaceReclaimPolicy: balanced
 - commit_granule_bytes: 65536.
 - commit_granule_words: 16384.
 - virtual_space_node_default_size: 4194304.
 - enlarge_chunks_in_place: 1.
 - new_chunks_are_fully_committed: 0.
 - uncommit_free_chunks: 1.
 - use_allocation_guard: 0.
 - handle_deallocations: 1.


Internal statistics:

num_allocs_failed_limit: 9.
num_arena_births: 757.
num_arena_deaths: 16.
num_vsnodes_births: 6.
num_vsnodes_deaths: 0.
num_space_committed: 1529.
num_space_uncommitted: 0.
num_chunks_returned_to_freelist: 43.
num_chunks_taken_from_freelist: 4171.
num_chunk_merges: 21.
num_chunk_splits: 3119.
num_chunks_enlarged: 2516.
num_inconsistent_stats: 0.

CodeCache: size=32768Kb used=26918Kb max_used=26918Kb free=5849Kb
 bounds [0x039f0000, 0x05448000, 0x059f0000]
 total_blobs=21148 nmethods=20628 adapters=451
 compilation: enabled
              stopped_count=0, restarted_count=0
 full_count=0

Compilation events (20 events):
Event: 35.898 Thread 0x65a461f8 21197             com.android.tools.r8.internal.F7$$Lambda$4880/0x7cff9480::accept (16 bytes)
Event: 35.898 Thread 0x65a461f8 nmethod 21197 0x05444748 code [0x05444860, 0x0544495c]
Event: 35.898 Thread 0x65a461f8 21198             com.android.tools.r8.internal.F7::a (7 bytes)
Event: 35.899 Thread 0x65a461f8 nmethod 21198 0x05444a08 code [0x05444b20, 0x05444bec]
Event: 35.899 Thread 0x65a461f8 21196             com.android.tools.r8.graph.c4::a (17 bytes)
Event: 35.899 Thread 0x65a461f8 nmethod 21196 0x05444c48 code [0x05444d80, 0x05444ed8]
Event: 35.899 Thread 0x65a461f8 21204             com.android.tools.r8.graph.H3$c::a (120 bytes)
Event: 35.900 Thread 0x65a461f8 nmethod 21204 0x05444fc8 code [0x05445120, 0x054453d0]
Event: 35.900 Thread 0x65a461f8 21205             com.android.tools.r8.internal.XS$$Lambda$3859/0x7cc5a308::a (10 bytes)
Event: 35.900 Thread 0x65a461f8 nmethod 21205 0x05445508 code [0x05445620, 0x054456ec]
Event: 35.900 Thread 0x65a461f8 21206             com.android.tools.r8.internal.XS::a (8 bytes)
Event: 35.900 Thread 0x65a461f8 nmethod 21206 0x05445748 code [0x05445860, 0x0544591c]
Event: 35.907 Thread 0x65a461f8 21207             com.android.tools.r8.internal.Ob0::<init> (33 bytes)
Event: 35.907 Thread 0x65a461f8 nmethod 21207 0x05445988 code [0x05445ab0, 0x05445d2c]
Event: 35.908 Thread 0x65a461f8 21209             com.android.tools.r8.internal.Ej$$Lambda$4102/0x7cd877f0::test (12 bytes)
Event: 35.908 Thread 0x65a461f8 nmethod 21209 0x05445e48 code [0x05445f70, 0x0544608c]
Event: 35.908 Thread 0x65a461f8 21210             com.android.tools.r8.internal.Ej$$Lambda$4115/0x7cd8c7c8::accept (12 bytes)
Event: 35.908 Thread 0x65a461f8 nmethod 21210 0x05446148 code [0x05446260, 0x0544634c]
Event: 35.908 Thread 0x65a461f8 21208             com.android.tools.r8.internal.Ej::e (8 bytes)
Event: 35.908 Thread 0x65a461f8 nmethod 21208 0x05446408 code [0x05446520, 0x0544660c]

GC Heap History (20 events):
Event: 34.076 GC heap before
{Heap before GC invocations=108 (full 7):
 def new generation   total 157440K, used 142462K [0x05a00000, 0x104d0000, 0x25a00000)
  eden space 139968K, 100% used [0x05a00000, 0x0e2b0000, 0x0e2b0000)
  from space 17472K,  14% used [0x0e2b0000, 0x0e51f850, 0x0f3c0000)
  to   space 17472K,   0% used [0x0f3c0000, 0x0f3c0000, 0x104d0000)
 tenured generation   total 348116K, used 272648K [0x25a00000, 0x3adf5000, 0x65a00000)
   the space 348116K,  78% used [0x25a00000, 0x36442070, 0x36442200, 0x3adf5000)
 Metaspace       used 94470K, committed 95104K, reserved 98304K
}
Event: 34.087 GC heap after
{Heap after GC invocations=109 (full 7):
 def new generation   total 157440K, used 3445K [0x05a00000, 0x104d0000, 0x25a00000)
  eden space 139968K,   0% used [0x05a00000, 0x05a00000, 0x0e2b0000)
  from space 17472K,  19% used [0x0f3c0000, 0x0f71d790, 0x104d0000)
  to   space 17472K,   0% used [0x0e2b0000, 0x0e2b0000, 0x0f3c0000)
 tenured generation   total 348116K, used 272648K [0x25a00000, 0x3adf5000, 0x65a00000)
   the space 348116K,  78% used [0x25a00000, 0x36442070, 0x36442200, 0x3adf5000)
 Metaspace       used 94470K, committed 95104K, reserved 98304K
}
Event: 34.493 GC heap before
{Heap before GC invocations=109 (full 7):
 def new generation   total 157440K, used 143413K [0x05a00000, 0x104d0000, 0x25a00000)
  eden space 139968K, 100% used [0x05a00000, 0x0e2b0000, 0x0e2b0000)
  from space 17472K,  19% used [0x0f3c0000, 0x0f71d790, 0x104d0000)
  to   space 17472K,   0% used [0x0e2b0000, 0x0e2b0000, 0x0f3c0000)
 tenured generation   total 348116K, used 272648K [0x25a00000, 0x3adf5000, 0x65a00000)
   the space 348116K,  78% used [0x25a00000, 0x36442070, 0x36442200, 0x3adf5000)
 Metaspace       used 96586K, committed 97216K, reserved 98304K
}
Event: 34.507 GC heap after
{Heap after GC invocations=110 (full 7):
 def new generation   total 157440K, used 4956K [0x05a00000, 0x104d0000, 0x25a00000)
  eden space 139968K,   0% used [0x05a00000, 0x05a00000, 0x0e2b0000)
  from space 17472K,  28% used [0x0e2b0000, 0x0e787068, 0x0f3c0000)
  to   space 17472K,   0% used [0x0f3c0000, 0x0f3c0000, 0x104d0000)
 tenured generation   total 348116K, used 272648K [0x25a00000, 0x3adf5000, 0x65a00000)
   the space 348116K,  78% used [0x25a00000, 0x36442070, 0x36442200, 0x3adf5000)
 Metaspace       used 96586K, committed 97216K, reserved 98304K
}
Event: 34.636 GC heap before
{Heap before GC invocations=110 (full 7):
 def new generation   total 157440K, used 144924K [0x05a00000, 0x104d0000, 0x25a00000)
  eden space 139968K, 100% used [0x05a00000, 0x0e2b0000, 0x0e2b0000)
  from space 17472K,  28% used [0x0e2b0000, 0x0e787068, 0x0f3c0000)
  to   space 17472K,   0% used [0x0f3c0000, 0x0f3c0000, 0x104d0000)
 tenured generation   total 348116K, used 272648K [0x25a00000, 0x3adf5000, 0x65a00000)
   the space 348116K,  78% used [0x25a00000, 0x36442070, 0x36442200, 0x3adf5000)
 Metaspace       used 96714K, committed 97344K, reserved 98304K
}
Event: 34.647 GC heap after
{Heap after GC invocations=111 (full 7):
 def new generation   total 157440K, used 5229K [0x05a00000, 0x104d0000, 0x25a00000)
  eden space 139968K,   0% used [0x05a00000, 0x05a00000, 0x0e2b0000)
  from space 17472K,  29% used [0x0f3c0000, 0x0f8db5d0, 0x104d0000)
  to   space 17472K,   0% used [0x0e2b0000, 0x0e2b0000, 0x0f3c0000)
 tenured generation   total 348116K, used 272648K [0x25a00000, 0x3adf5000, 0x65a00000)
   the space 348116K,  78% used [0x25a00000, 0x36442070, 0x36442200, 0x3adf5000)
 Metaspace       used 96714K, committed 97344K, reserved 98304K
}
Event: 34.754 GC heap before
{Heap before GC invocations=111 (full 7):
 def new generation   total 157440K, used 145197K [0x05a00000, 0x104d0000, 0x25a00000)
  eden space 139968K, 100% used [0x05a00000, 0x0e2b0000, 0x0e2b0000)
  from space 17472K,  29% used [0x0f3c0000, 0x0f8db5d0, 0x104d0000)
  to   space 17472K,   0% used [0x0e2b0000, 0x0e2b0000, 0x0f3c0000)
 tenured generation   total 348116K, used 272648K [0x25a00000, 0x3adf5000, 0x65a00000)
   the space 348116K,  78% used [0x25a00000, 0x36442070, 0x36442200, 0x3adf5000)
 Metaspace       used 96727K, committed 97344K, reserved 98304K
}
Event: 34.766 GC heap after
{Heap after GC invocations=112 (full 7):
 def new generation   total 157440K, used 5357K [0x05a00000, 0x104d0000, 0x25a00000)
  eden space 139968K,   0% used [0x05a00000, 0x05a00000, 0x0e2b0000)
  from space 17472K,  30% used [0x0e2b0000, 0x0e7eb480, 0x0f3c0000)
  to   space 17472K,   0% used [0x0f3c0000, 0x0f3c0000, 0x104d0000)
 tenured generation   total 348116K, used 272648K [0x25a00000, 0x3adf5000, 0x65a00000)
   the space 348116K,  78% used [0x25a00000, 0x36442070, 0x36442200, 0x3adf5000)
 Metaspace       used 96727K, committed 97344K, reserved 98304K
}
Event: 34.860 GC heap before
{Heap before GC invocations=112 (full 7):
 def new generation   total 157440K, used 145325K [0x05a00000, 0x104d0000, 0x25a00000)
  eden space 139968K, 100% used [0x05a00000, 0x0e2b0000, 0x0e2b0000)
  from space 17472K,  30% used [0x0e2b0000, 0x0e7eb480, 0x0f3c0000)
  to   space 17472K,   0% used [0x0f3c0000, 0x0f3c0000, 0x104d0000)
 tenured generation   total 348116K, used 272648K [0x25a00000, 0x3adf5000, 0x65a00000)
   the space 348116K,  78% used [0x25a00000, 0x36442070, 0x36442200, 0x3adf5000)
 Metaspace       used 96747K, committed 97344K, reserved 98304K
}
Event: 34.872 GC heap after
{Heap after GC invocations=113 (full 7):
 def new generation   total 157440K, used 5312K [0x05a00000, 0x104d0000, 0x25a00000)
  eden space 139968K,   0% used [0x05a00000, 0x05a00000, 0x0e2b0000)
  from space 17472K,  30% used [0x0f3c0000, 0x0f8f0280, 0x104d0000)
  to   space 17472K,   0% used [0x0e2b0000, 0x0e2b0000, 0x0f3c0000)
 tenured generation   total 348116K, used 272648K [0x25a00000, 0x3adf5000, 0x65a00000)
   the space 348116K,  78% used [0x25a00000, 0x36442070, 0x36442200, 0x3adf5000)
 Metaspace       used 96747K, committed 97344K, reserved 98304K
}
Event: 34.948 GC heap before
{Heap before GC invocations=113 (full 7):
 def new generation   total 157440K, used 145280K [0x05a00000, 0x104d0000, 0x25a00000)
  eden space 139968K, 100% used [0x05a00000, 0x0e2b0000, 0x0e2b0000)
  from space 17472K,  30% used [0x0f3c0000, 0x0f8f0280, 0x104d0000)
  to   space 17472K,   0% used [0x0e2b0000, 0x0e2b0000, 0x0f3c0000)
 tenured generation   total 348116K, used 272648K [0x25a00000, 0x3adf5000, 0x65a00000)
   the space 348116K,  78% used [0x25a00000, 0x36442070, 0x36442200, 0x3adf5000)
 Metaspace       used 96752K, committed 97344K, reserved 98304K
}
Event: 34.960 GC heap after
{Heap after GC invocations=114 (full 7):
 def new generation   total 157440K, used 5533K [0x05a00000, 0x104d0000, 0x25a00000)
  eden space 139968K,   0% used [0x05a00000, 0x05a00000, 0x0e2b0000)
  from space 17472K,  31% used [0x0e2b0000, 0x0e817428, 0x0f3c0000)
  to   space 17472K,   0% used [0x0f3c0000, 0x0f3c0000, 0x104d0000)
 tenured generation   total 348116K, used 272648K [0x25a00000, 0x3adf5000, 0x65a00000)
   the space 348116K,  78% used [0x25a00000, 0x36442070, 0x36442200, 0x3adf5000)
 Metaspace       used 96752K, committed 97344K, reserved 98304K
}
Event: 35.029 GC heap before
{Heap before GC invocations=114 (full 7):
 def new generation   total 157440K, used 145501K [0x05a00000, 0x104d0000, 0x25a00000)
  eden space 139968K, 100% used [0x05a00000, 0x0e2b0000, 0x0e2b0000)
  from space 17472K,  31% used [0x0e2b0000, 0x0e817428, 0x0f3c0000)
  to   space 17472K,   0% used [0x0f3c0000, 0x0f3c0000, 0x104d0000)
 tenured generation   total 348116K, used 272648K [0x25a00000, 0x3adf5000, 0x65a00000)
   the space 348116K,  78% used [0x25a00000, 0x36442070, 0x36442200, 0x3adf5000)
 Metaspace       used 96754K, committed 97344K, reserved 98304K
}
Event: 35.040 GC heap after
{Heap after GC invocations=115 (full 7):
 def new generation   total 157440K, used 5420K [0x05a00000, 0x104d0000, 0x25a00000)
  eden space 139968K,   0% used [0x05a00000, 0x05a00000, 0x0e2b0000)
  from space 17472K,  31% used [0x0f3c0000, 0x0f90b170, 0x104d0000)
  to   space 17472K,   0% used [0x0e2b0000, 0x0e2b0000, 0x0f3c0000)
 tenured generation   total 348116K, used 272648K [0x25a00000, 0x3adf5000, 0x65a00000)
   the space 348116K,  78% used [0x25a00000, 0x36442070, 0x36442200, 0x3adf5000)
 Metaspace       used 96754K, committed 97344K, reserved 98304K
}
Event: 35.109 GC heap before
{Heap before GC invocations=115 (full 7):
 def new generation   total 157440K, used 145388K [0x05a00000, 0x104d0000, 0x25a00000)
  eden space 139968K, 100% used [0x05a00000, 0x0e2b0000, 0x0e2b0000)
  from space 17472K,  31% used [0x0f3c0000, 0x0f90b170, 0x104d0000)
  to   space 17472K,   0% used [0x0e2b0000, 0x0e2b0000, 0x0f3c0000)
 tenured generation   total 348116K, used 272648K [0x25a00000, 0x3adf5000, 0x65a00000)
   the space 348116K,  78% used [0x25a00000, 0x36442070, 0x36442200, 0x3adf5000)
 Metaspace       used 96758K, committed 97408K, reserved 98304K
}
Event: 35.119 GC heap after
{Heap after GC invocations=116 (full 7):
 def new generation   total 157440K, used 5544K [0x05a00000, 0x104d0000, 0x25a00000)
  eden space 139968K,   0% used [0x05a00000, 0x05a00000, 0x0e2b0000)
  from space 17472K,  31% used [0x0e2b0000, 0x0e81a248, 0x0f3c0000)
  to   space 17472K,   0% used [0x0f3c0000, 0x0f3c0000, 0x104d0000)
 tenured generation   total 348116K, used 272648K [0x25a00000, 0x3adf5000, 0x65a00000)
   the space 348116K,  78% used [0x25a00000, 0x36442070, 0x36442200, 0x3adf5000)
 Metaspace       used 96758K, committed 97408K, reserved 98304K
}
Event: 35.268 GC heap before
{Heap before GC invocations=116 (full 7):
 def new generation   total 157440K, used 145512K [0x05a00000, 0x104d0000, 0x25a00000)
  eden space 139968K, 100% used [0x05a00000, 0x0e2b0000, 0x0e2b0000)
  from space 17472K,  31% used [0x0e2b0000, 0x0e81a248, 0x0f3c0000)
  to   space 17472K,   0% used [0x0f3c0000, 0x0f3c0000, 0x104d0000)
 tenured generation   total 348116K, used 272648K [0x25a00000, 0x3adf5000, 0x65a00000)
   the space 348116K,  78% used [0x25a00000, 0x36442070, 0x36442200, 0x3adf5000)
 Metaspace       used 97059K, committed 97664K, reserved 98304K
}
Event: 35.280 GC heap after
{Heap after GC invocations=117 (full 7):
 def new generation   total 157440K, used 4668K [0x05a00000, 0x104d0000, 0x25a00000)
  eden space 139968K,   0% used [0x05a00000, 0x05a00000, 0x0e2b0000)
  from space 17472K,  26% used [0x0f3c0000, 0x0f84f098, 0x104d0000)
  to   space 17472K,   0% used [0x0e2b0000, 0x0e2b0000, 0x0f3c0000)
 tenured generation   total 348116K, used 272648K [0x25a00000, 0x3adf5000, 0x65a00000)
   the space 348116K,  78% used [0x25a00000, 0x36442070, 0x36442200, 0x3adf5000)
 Metaspace       used 97059K, committed 97664K, reserved 98304K
}
Event: 35.821 GC heap before
{Heap before GC invocations=117 (full 7):
 def new generation   total 157440K, used 144618K [0x05a00000, 0x104d0000, 0x25a00000)
  eden space 139968K,  99% used [0x05a00000, 0x0e2aba40, 0x0e2b0000)
  from space 17472K,  26% used [0x0f3c0000, 0x0f84f098, 0x104d0000)
  to   space 17472K,   0% used [0x0e2b0000, 0x0e2b0000, 0x0f3c0000)
 tenured generation   total 348116K, used 272648K [0x25a00000, 0x3adf5000, 0x65a00000)
   the space 348116K,  78% used [0x25a00000, 0x36442070, 0x36442200, 0x3adf5000)
 Metaspace       used 97214K, committed 97856K, reserved 98304K
}
Event: 35.845 GC heap after
{Heap after GC invocations=118 (full 7):
 def new generation   total 157440K, used 10569K [0x05a00000, 0x104d0000, 0x25a00000)
  eden space 139968K,   0% used [0x05a00000, 0x05a00000, 0x0e2b0000)
  from space 17472K,  60% used [0x0e2b0000, 0x0ed02450, 0x0f3c0000)
  to   space 17472K,   0% used [0x0f3c0000, 0x0f3c0000, 0x104d0000)
 tenured generation   total 348116K, used 272648K [0x25a00000, 0x3adf5000, 0x65a00000)
   the space 348116K,  78% used [0x25a00000, 0x36442070, 0x36442200, 0x3adf5000)
 Metaspace       used 97214K, committed 97856K, reserved 98304K
}

Dll operation events (14 events):
Event: 0.013 Loaded shared library C:\Users\AnilPraveen\.bubblewrap\jdk\jdk-17.0.11+9\bin\java.dll
Event: 0.122 Loaded shared library C:\Users\AnilPraveen\.bubblewrap\jdk\jdk-17.0.11+9\bin\zip.dll
Event: 0.136 Loaded shared library C:\Users\AnilPraveen\.bubblewrap\jdk\jdk-17.0.11+9\bin\instrument.dll
Event: 0.145 Loaded shared library C:\Users\AnilPraveen\.bubblewrap\jdk\jdk-17.0.11+9\bin\net.dll
Event: 0.147 Loaded shared library C:\Users\AnilPraveen\.bubblewrap\jdk\jdk-17.0.11+9\bin\nio.dll
Event: 0.152 Loaded shared library C:\Users\AnilPraveen\.bubblewrap\jdk\jdk-17.0.11+9\bin\zip.dll
Event: 0.393 Loaded shared library C:\Users\AnilPraveen\.bubblewrap\jdk\jdk-17.0.11+9\bin\jimage.dll
Event: 0.486 Loaded shared library C:\Users\AnilPraveen\.bubblewrap\jdk\jdk-17.0.11+9\bin\verify.dll
Event: 0.577 Loaded shared library C:\Users\AnilPraveen\.gradle\native\c067742578af261105cb4f569cf0c3c89f3d7b1fecec35dd04571415982c5e48\windows-i386\native-platform.dll
Event: 0.592 Loaded shared library C:\Users\AnilPraveen\.gradle\native\100fb08df4bc3b14c8652ba06237920a3bd2aa13389f12d3474272988ae205f9\windows-i386\native-platform-file-events.dll
Event: 1.699 Loaded shared library C:\Users\AnilPraveen\.bubblewrap\jdk\jdk-17.0.11+9\bin\management.dll
Event: 1.701 Loaded shared library C:\Users\AnilPraveen\.bubblewrap\jdk\jdk-17.0.11+9\bin\management_ext.dll
Event: 1.927 Loaded shared library C:\Users\AnilPraveen\.bubblewrap\jdk\jdk-17.0.11+9\bin\extnet.dll
Event: 2.237 Loaded shared library C:\Users\AnilPraveen\.bubblewrap\jdk\jdk-17.0.11+9\bin\sunmscapi.dll

Deoptimization events (20 events):
Event: 11.894 Thread 0x6c3e1270 DEOPT PACKING pc=0x040f5e44 sp=0x707ed3d0
Event: 11.894 Thread 0x6c3e1270 DEOPT UNPACKING pc=0x03a35587 sp=0x707ed294 mode 0
Event: 12.301 Thread 0x6c3e1270 DEOPT PACKING pc=0x0413a430 sp=0x707eef30
Event: 12.301 Thread 0x6c3e1270 DEOPT UNPACKING pc=0x03a35587 sp=0x707eedcc mode 0
Event: 12.829 Thread 0x6c3e1270 DEOPT PACKING pc=0x03c72b78 sp=0x707ec8f0
Event: 12.829 Thread 0x6c3e1270 DEOPT UNPACKING pc=0x03a35587 sp=0x707ec7f4 mode 3
Event: 14.427 Thread 0x6c3e1270 DEOPT PACKING pc=0x041c96a4 sp=0x707ed930
Event: 14.427 Thread 0x6c3e1270 DEOPT UNPACKING pc=0x03a35587 sp=0x707ed7e0 mode 0
Event: 27.148 Thread 0x6cdfc5f8 DEOPT PACKING pc=0x04c5a704 sp=0x73bcea30
Event: 27.148 Thread 0x6cdfc5f8 DEOPT UNPACKING pc=0x03a35587 sp=0x73bce8f0 mode 0
Event: 28.956 Thread 0x7004ef08 DEOPT PACKING pc=0x04d0f718 sp=0x7711df40
Event: 28.956 Thread 0x7004ef08 DEOPT UNPACKING pc=0x03a35587 sp=0x7711deb8 mode 0
Event: 30.349 Thread 0x7004ef08 DEOPT PACKING pc=0x04d66944 sp=0x7711e4a0
Event: 30.349 Thread 0x7004ef08 DEOPT UNPACKING pc=0x03a35587 sp=0x7711e364 mode 0
Event: 33.992 Thread 0x7929e688 DEOPT PACKING pc=0x05092de8 sp=0x7d3eebc0
Event: 33.992 Thread 0x7929e688 DEOPT UNPACKING pc=0x03a35587 sp=0x7d3eecc4 mode 0
Event: 34.474 Thread 0x799aa040 DEOPT PACKING pc=0x03b25322 sp=0x7d59ea70
Event: 34.474 Thread 0x799aa040 DEOPT UNPACKING pc=0x03a35587 sp=0x7d59e960 mode 3
Event: 35.147 Thread 0x799aa040 DEOPT PACKING pc=0x051e8698 sp=0x7d59e990
Event: 35.147 Thread 0x799aa040 DEOPT UNPACKING pc=0x03a35587 sp=0x7d59e838 mode 0

Classes unloaded (20 events):
Event: 12.409 Thread 0x039de1a0 Unloading class 0x71052318 '_BuildScript_$_run_closure1$_closure5$_closure9'
Event: 12.409 Thread 0x039de1a0 Unloading class 0x71051840 '_BuildScript_$_run_closure1$_closure5'
Event: 12.409 Thread 0x039de1a0 Unloading class 0x71050828 '_BuildScript_$_run_closure1'
Event: 12.409 Thread 0x039de1a0 Unloading class 0x71044a18 '_BuildScript_'
Event: 12.409 Thread 0x039de1a0 Unloading class 0x6d7a0000 '_BuildScript_$_run_closure1'
Event: 12.409 Thread 0x039de1a0 Unloading class 0x6d7845f0 '_BuildScript_'
Event: 29.839 Thread 0x039de1a0 Unloading class 0x7c57d288 'java/lang/invoke/LambdaForm$DMH+0x7c57d288'
Event: 29.839 Thread 0x039de1a0 Unloading class 0x7c57ca88 'java/lang/invoke/LambdaForm$DMH+0x7c57ca88'
Event: 29.839 Thread 0x039de1a0 Unloading class 0x7c57c688 'java/lang/invoke/LambdaForm$DMH+0x7c57c688'
Event: 29.839 Thread 0x039de1a0 Unloading class 0x7c57c288 'java/lang/invoke/LambdaForm$DMH+0x7c57c288'
Event: 29.839 Thread 0x039de1a0 Unloading class 0x7c555a80 'java/lang/invoke/LambdaForm$DMH+0x7c555a80'
Event: 29.839 Thread 0x039de1a0 Unloading class 0x7c554a80 'java/lang/invoke/LambdaForm$DMH+0x7c554a80'
Event: 29.839 Thread 0x039de1a0 Unloading class 0x7c554280 'java/lang/invoke/LambdaForm$DMH+0x7c554280'
Event: 29.839 Thread 0x039de1a0 Unloading class 0x7c553a80 'java/lang/invoke/LambdaForm$DMH+0x7c553a80'
Event: 29.839 Thread 0x039de1a0 Unloading class 0x7c553680 'java/lang/invoke/LambdaForm$DMH+0x7c553680'
Event: 29.839 Thread 0x039de1a0 Unloading class 0x7c551280 'java/lang/invoke/LambdaForm$DMH+0x7c551280'
Event: 29.839 Thread 0x039de1a0 Unloading class 0x7c550e80 'java/lang/invoke/LambdaForm$DMH+0x7c550e80'
Event: 29.839 Thread 0x039de1a0 Unloading class 0x7c550a80 'java/lang/invoke/LambdaForm$DMH+0x7c550a80'
Event: 29.839 Thread 0x039de1a0 Unloading class 0x7c550680 'java/lang/invoke/LambdaForm$DMH+0x7c550680'
Event: 29.839 Thread 0x039de1a0 Unloading class 0x7c551680 'java/lang/invoke/LambdaForm$DMH+0x7c551680'

Classes redefined (0 events):
No events

Internal exceptions (20 events):
Event: 33.721 Thread 0x7929e688 Exception <a 'java/lang/IncompatibleClassChangeError'{0x06407878}: Found class java.lang.Object, but interface was expected> (0x06407878) 
thrown [s\src\hotspot\share\interpreter\linkResolver.cpp, line 826]
Event: 33.957 Thread 0x703795e0 Exception <a 'java/lang/NoSuchMethodError'{0x0d9beda0}: 'java.lang.Object java.lang.invoke.DirectMethodHandle$Holder.invokeStatic(java.lang.Object, java.lang.Object, java.lang.Object, long)'> (0x0d9beda0) 
thrown [s\src\hotspot\share\interpreter\linkResolver.cpp, line 759]
Event: 33.957 Thread 0x799aa040 Exception <a 'java/lang/NoSuchMethodError'{0x0c9b5018}: 'java.lang.Object java.lang.invoke.DirectMethodHandle$Holder.invokeStatic(java.lang.Object, java.lang.Object, java.lang.Object, long)'> (0x0c9b5018) 
thrown [s\src\hotspot\share\interpreter\linkResolver.cpp, line 759]
Event: 33.957 Thread 0x70379908 Exception <a 'java/lang/NoSuchMethodError'{0x0d1f6ff8}: 'java.lang.Object java.lang.invoke.DirectMethodHandle$Holder.invokeStatic(java.lang.Object, java.lang.Object, java.lang.Object, long)'> (0x0d1f6ff8) 
thrown [s\src\hotspot\share\interpreter\linkResolver.cpp, line 759]
Event: 34.019 Thread 0x703795e0 Exception <a 'java/lang/NoSuchMethodError'{0x0821a160}: 'java.lang.Object java.lang.invoke.DirectMethodHandle$Holder.invokeInterface(java.lang.Object, java.lang.Object, java.lang.Object, java.lang.Object)'> (0x0821a160) 
thrown [s\src\hotspot\share\interpreter\linkResolver.cpp, line 759]
Event: 34.019 Thread 0x703795e0 Exception <a 'java/lang/IncompatibleClassChangeError'{0x0821d488}: Found class java.lang.Object, but interface was expected> (0x0821d488) 
thrown [s\src\hotspot\share\interpreter\linkResolver.cpp, line 826]
Event: 34.217 Thread 0x7929f978 Exception <a 'java/lang/NoSuchMethodError'{0x08616b50}: 'java.lang.Object java.lang.invoke.DirectMethodHandle$Holder.invokeStatic(java.lang.Object, java.lang.Object, java.lang.Object, java.lang.Object, java.lang.Object, int, java.lang.Object)'> (0x08616b50) 
thrown [s\src\hotspot\share\interpreter\linkResolver.cpp, line 759]
Event: 34.217 Thread 0x703792b8 Exception <a 'java/lang/NoSuchMethodError'{0x086665c0}: 'java.lang.Object java.lang.invoke.DirectMethodHandle$Holder.invokeStatic(java.lang.Object, java.lang.Object, java.lang.Object, java.lang.Object, java.lang.Object, int, java.lang.Object)'> (0x086665c0) 
thrown [s\src\hotspot\share\interpreter\linkResolver.cpp, line 759]
Event: 34.217 Thread 0x799aa040 Exception <a 'java/lang/NoSuchMethodError'{0x085e1be8}: 'java.lang.Object java.lang.invoke.DirectMethodHandle$Holder.invokeStatic(java.lang.Object, java.lang.Object, java.lang.Object, java.lang.Object, java.lang.Object, int, java.lang.Object)'> (0x085e1be8) 
thrown [s\src\hotspot\share\interpreter\linkResolver.cpp, line 759]
Event: 34.217 Thread 0x703795e0 Exception <a 'java/lang/NoSuchMethodError'{0x085179d0}: 'java.lang.Object java.lang.invoke.DirectMethodHandle$Holder.invokeStatic(java.lang.Object, java.lang.Object, java.lang.Object, java.lang.Object, java.lang.Object, int, java.lang.Object)'> (0x085179d0) 
thrown [s\src\hotspot\share\interpreter\linkResolver.cpp, line 759]
Event: 34.319 Thread 0x7004ef08 Exception <a 'java/lang/IncompatibleClassChangeError'{0x09889118}: Found class java.lang.Object, but interface was expected> (0x09889118) 
thrown [s\src\hotspot\share\interpreter\linkResolver.cpp, line 826]
Event: 34.342 Thread 0x799aa040 Exception <a 'java/lang/NoSuchMethodError'{0x09c6e0e8}: 'java.lang.Object java.lang.invoke.DirectMethodHandle$Holder.invokeSpecial(java.lang.Object, java.lang.Object, int, java.lang.Object, java.lang.Object)'> (0x09c6e0e8) 
thrown [s\src\hotspot\share\interpreter\linkResolver.cpp, line 759]
Event: 34.342 Thread 0x703795e0 Exception <a 'java/lang/NoSuchMethodError'{0x0903c4b8}: 'java.lang.Object java.lang.invoke.DirectMethodHandle$Holder.invokeSpecial(java.lang.Object, java.lang.Object, int, java.lang.Object, java.lang.Object)'> (0x0903c4b8) 
thrown [s\src\hotspot\share\interpreter\linkResolver.cpp, line 759]
Event: 34.342 Thread 0x703792b8 Exception <a 'java/lang/NoSuchMethodError'{0x090b7798}: 'java.lang.Object java.lang.invoke.DirectMethodHandle$Holder.invokeSpecial(java.lang.Object, java.lang.Object, int, java.lang.Object, java.lang.Object)'> (0x090b7798) 
thrown [s\src\hotspot\share\interpreter\linkResolver.cpp, line 759]
Event: 34.342 Thread 0x7929f978 Exception <a 'java/lang/NoSuchMethodError'{0x09c2d5a0}: 'java.lang.Object java.lang.invoke.DirectMethodHandle$Holder.invokeSpecial(java.lang.Object, java.lang.Object, int, java.lang.Object, java.lang.Object)'> (0x09c2d5a0) 
thrown [s\src\hotspot\share\interpreter\linkResolver.cpp, line 759]
Event: 34.342 Thread 0x7929e688 Exception <a 'java/lang/NoSuchMethodError'{0x090fd2b0}: 'java.lang.Object java.lang.invoke.DirectMethodHandle$Holder.invokeSpecial(java.lang.Object, java.lang.Object, int, java.lang.Object, java.lang.Object)'> (0x090fd2b0) 
thrown [s\src\hotspot\share\interpreter\linkResolver.cpp, line 759]
Event: 34.413 Thread 0x70379908 Exception <a 'java/lang/NoSuchMethodError'{0x0ba32f80}: 'void java.lang.invoke.DirectMethodHandle$Holder.invokeStatic(java.lang.Object, java.lang.Object, java.lang.Object, java.lang.Object, java.lang.Object, java.lang.Object, java.lang.Object, java.lang.Object)'> (0x0ba32f80) 
thrown [s\src\hotspot\share\interpreter\linkResolver.cpp, line 759]
Event: 34.427 Thread 0x703792b8 Exception <a 'java/lang/IncompatibleClassChangeError'{0x0bbe61c8}: Found class java.lang.Object, but interface was expected> (0x0bbe61c8) 
thrown [s\src\hotspot\share\interpreter\linkResolver.cpp, line 826]
Event: 34.476 Thread 0x703795e0 Exception <a 'java/lang/NoSuchMethodError'{0x0d354c50}: 'int java.lang.invoke.DirectMethodHandle$Holder.invokeStatic(java.lang.Object, java.lang.Object, int, java.lang.Object)'> (0x0d354c50) 
thrown [s\src\hotspot\share\interpreter\linkResolver.cpp, line 759]
Event: 34.616 Thread 0x799aa040 Exception <a 'java/lang/NoSuchMethodError'{0x0c93f978}: 'int java.lang.invoke.DirectMethodHandle$Holder.invokeSpecial(java.lang.Object, java.lang.Object, int, int)'> (0x0c93f978) 
thrown [s\src\hotspot\share\interpreter\linkResolver.cpp, line 759]

VM Operations (20 events):
Event: 35.262 Executing VM operation: HandshakeAllThreads
Event: 35.262 Executing VM operation: HandshakeAllThreads done
Event: 35.268 Executing VM operation: GenCollectForAllocation
Event: 35.280 Executing VM operation: GenCollectForAllocation done
Event: 35.297 Executing VM operation: HandshakeAllThreads
Event: 35.297 Executing VM operation: HandshakeAllThreads done
Event: 35.344 Executing VM operation: HandshakeAllThreads
Event: 35.344 Executing VM operation: HandshakeAllThreads done
Event: 35.345 Executing VM operation: HandshakeAllThreads
Event: 35.345 Executing VM operation: HandshakeAllThreads done
Event: 35.356 Executing VM operation: HandshakeAllThreads
Event: 35.356 Executing VM operation: HandshakeAllThreads done
Event: 35.384 Executing VM operation: HandshakeAllThreads
Event: 35.384 Executing VM operation: HandshakeAllThreads done
Event: 35.384 Executing VM operation: HandshakeAllThreads
Event: 35.385 Executing VM operation: HandshakeAllThreads done
Event: 35.395 Executing VM operation: HandshakeAllThreads
Event: 35.395 Executing VM operation: HandshakeAllThreads done
Event: 35.821 Executing VM operation: GenCollectForAllocation
Event: 35.845 Executing VM operation: GenCollectForAllocation done

Events (20 events):
Event: 34.469 loading class java/util/IdentityHashMap$ValueSpliterator
Event: 34.470 loading class java/util/IdentityHashMap$ValueSpliterator done
Event: 35.194 Thread 0x65a47a40 flushing nmethod 0x050a01c8
Event: 35.363 Thread 0x65a47a40 flushing nmethod 0x04ef1248
Event: 35.364 Thread 0x65a47a40 flushing nmethod 0x050e5788
Event: 35.364 Thread 0x65a47a40 flushing nmethod 0x050f7288
Event: 35.364 Thread 0x65a47a40 flushing nmethod 0x05123fc8
Event: 35.385 Thread 0x65a47a40 flushing nmethod 0x03b244c8
Event: 35.387 Thread 0x65a47a40 flushing nmethod 0x03dcfa88
Event: 35.390 Thread 0x65a47a40 flushing nmethod 0x0426cc08
Event: 35.401 Thread 0x65a47a40 flushing nmethod 0x04efee48
Event: 35.402 Thread 0x65a47a40 flushing nmethod 0x04fad648
Event: 35.402 Thread 0x65a47a40 flushing nmethod 0x04fd30c8
Event: 35.402 Thread 0x65a47a40 flushing nmethod 0x05008988
Event: 35.402 Thread 0x65a47a40 flushing nmethod 0x05009788
Event: 35.403 Thread 0x65a47a40 flushing nmethod 0x05131d48
Event: 35.404 Thread 0x65a47a40 flushing nmethod 0x051e7d48
Event: 35.404 Thread 0x65a47a40 flushing nmethod 0x05220b48
Event: 35.404 Thread 0x65a47a40 flushing nmethod 0x0526ff88
Event: 35.404 Thread 0x65a47a40 flushing nmethod 0x053406c8


Dynamic libraries:
0x00190000 - 0x0019c000 	C:\Users\AnilPraveen\.bubblewrap\jdk\jdk-17.0.11+9\bin\java.exe
0x77a60000 - 0x77c1f000 	C:\windows\SYSTEM32\ntdll.dll
0x77790000 - 0x77880000 	C:\windows\System32\KERNEL32.DLL
0x75610000 - 0x758e7000 	C:\windows\System32\KERNELBASE.dll
0x69620000 - 0x696ce000 	C:\windows\SYSTEM32\apphelp.dll
0x77890000 - 0x779a0000 	C:\windows\System32\ucrtbase.dll
0x6a870000 - 0x6a885000 	C:\Users\AnilPraveen\.bubblewrap\jdk\jdk-17.0.11+9\bin\jli.dll
0x6a890000 - 0x6a8a4000 	C:\Users\AnilPraveen\.bubblewrap\jdk\jdk-17.0.11+9\bin\VCRUNTIME140.dll
0x75ab0000 - 0x75c89000 	C:\windows\System32\USER32.dll
0x76ef0000 - 0x76f0c000 	C:\windows\System32\win32u.dll
0x75950000 - 0x75972000 	C:\windows\System32\GDI32.dll
0x693f0000 - 0x69619000 	C:\windows\WinSxS\x86_microsoft.windows.common-controls_6595b64144ccf1df_6.0.26100.8737_none_85b66585f7afe078\COMCTL32.dll
0x776c0000 - 0x77787000 	C:\windows\System32\msvcrt.dll
0x75d20000 - 0x75e0a000 	C:\windows\System32\gdi32full.dll
0x76ad0000 - 0x76b55000 	C:\windows\System32\msvcp_win.dll
0x77690000 - 0x776b5000 	C:\windows\System32\IMM32.DLL
0x69380000 - 0x693ed000 	C:\Users\AnilPraveen\.bubblewrap\jdk\jdk-17.0.11+9\bin\msvcp140.dll
0x68e40000 - 0x69374000 	C:\Users\AnilPraveen\.bubblewrap\jdk\jdk-17.0.11+9\bin\client\jvm.dll
0x76f20000 - 0x76fa2000 	C:\windows\System32\ADVAPI32.dll
0x75c90000 - 0x75d15000 	C:\windows\System32\sechost.dll
0x77160000 - 0x7721c000 	C:\windows\System32\RPCRT4.dll
0x6aac0000 - 0x6aac8000 	C:\windows\SYSTEM32\WSOCK32.dll
0x6ac20000 - 0x6ac75000 	C:\windows\SYSTEM32\POWRPROF.dll
0x76b60000 - 0x76bca000 	C:\windows\System32\WS2_32.dll
0x6ad90000 - 0x6adc3000 	C:\windows\SYSTEM32\WINMM.dll
0x73db0000 - 0x73db8000 	C:\windows\SYSTEM32\VERSION.dll
0x6ac00000 - 0x6ac0e000 	C:\windows\SYSTEM32\UMPDC.dll
0x74520000 - 0x74535000 	C:\windows\SYSTEM32\kernel.appcore.dll
0x6a860000 - 0x6a869000 	C:\Users\AnilPraveen\.bubblewrap\jdk\jdk-17.0.11+9\bin\jimage.dll
0x68950000 - 0x68b30000 	C:\windows\SYSTEM32\DBGHELP.DLL
0x76080000 - 0x76313000 	C:\windows\System32\combase.dll
0x77020000 - 0x770bf000 	C:\windows\System32\OLEAUT32.dll
0x68910000 - 0x68940000 	C:\windows\SYSTEM32\dbgcore.DLL
0x76320000 - 0x7639a000 	C:\windows\System32\bcryptPrimitives.dll
0x68840000 - 0x6884d000 	C:\Users\AnilPraveen\.bubblewrap\jdk\jdk-17.0.11+9\bin\instrument.dll
0x688e0000 - 0x68901000 	C:\Users\AnilPraveen\.bubblewrap\jdk\jdk-17.0.11+9\bin\java.dll
0x76460000 - 0x76abd000 	C:\windows\System32\SHELL32.dll
0x749a0000 - 0x750a9000 	C:\windows\SYSTEM32\windows.storage.dll
0x75fa0000 - 0x76072000 	C:\windows\System32\SHCORE.dll
0x755b0000 - 0x75602000 	C:\windows\System32\shlwapi.dll
0x74650000 - 0x7466d000 	C:\windows\SYSTEM32\profapi.dll
0x688a0000 - 0x688b6000 	C:\Users\AnilPraveen\.bubblewrap\jdk\jdk-17.0.11+9\bin\zip.dll
0x68e20000 - 0x68e34000 	C:\Users\AnilPraveen\.bubblewrap\jdk\jdk-17.0.11+9\bin\net.dll
0x74540000 - 0x74626000 	C:\windows\SYSTEM32\WINHTTP.dll
0x74940000 - 0x74994000 	C:\windows\system32\mswsock.dll
0x688c0000 - 0x688d2000 	C:\Users\AnilPraveen\.bubblewrap\jdk\jdk-17.0.11+9\bin\nio.dll
0x6a850000 - 0x6a85d000 	C:\Users\AnilPraveen\.bubblewrap\jdk\jdk-17.0.11+9\bin\verify.dll
0x68860000 - 0x68880000 	C:\Users\AnilPraveen\.gradle\native\c067742578af261105cb4f569cf0c3c89f3d7b1fecec35dd04571415982c5e48\windows-i386\native-platform.dll
0x68750000 - 0x68840000 	C:\Users\AnilPraveen\.gradle\native\100fb08df4bc3b14c8652ba06237920a3bd2aa13389f12d3474272988ae205f9\windows-i386\native-platform-file-events.dll
0x68890000 - 0x68898000 	C:\Users\AnilPraveen\.bubblewrap\jdk\jdk-17.0.11+9\bin\management.dll
0x68880000 - 0x68889000 	C:\Users\AnilPraveen\.bubblewrap\jdk\jdk-17.0.11+9\bin\management_ext.dll
0x76c70000 - 0x76c76000 	C:\windows\System32\PSAPI.DLL
0x74000000 - 0x74014000 	C:\windows\SYSTEM32\CRYPTSP.dll
0x73fc0000 - 0x73ff2000 	C:\windows\system32\rsaenh.dll
0x68c60000 - 0x68c88000 	C:\windows\SYSTEM32\USERENV.dll
0x75510000 - 0x7552c000 	C:\windows\SYSTEM32\bcrypt.dll
0x750b0000 - 0x750ba000 	C:\windows\SYSTEM32\CRYPTBASE.dll
0x744f0000 - 0x74516000 	C:\windows\SYSTEM32\IPHLPAPI.DLL
0x75aa0000 - 0x75aa7000 	C:\windows\System32\NSI.dll
0x73f70000 - 0x73f87000 	C:\windows\SYSTEM32\dhcpcsvc6.DLL
0x73f50000 - 0x73f6b000 	C:\windows\SYSTEM32\dhcpcsvc.DLL
0x74220000 - 0x7432e000 	C:\windows\SYSTEM32\DNSAPI.dll
0x74210000 - 0x7421a000 	C:\windows\SYSTEM32\DSPARSE.dll
0x68850000 - 0x68856000 	C:\Users\AnilPraveen\.bubblewrap\jdk\jdk-17.0.11+9\bin\extnet.dll
0x68740000 - 0x6874b000 	C:\Users\AnilPraveen\.bubblewrap\jdk\jdk-17.0.11+9\bin\sunmscapi.dll
0x76c80000 - 0x76d89000 	C:\windows\System32\CRYPT32.dll
0x740c0000 - 0x740e8000 	C:\windows\SYSTEM32\ncrypt.dll
0x74090000 - 0x740b8000 	C:\windows\SYSTEM32\NTASN1.dll
0x68730000 - 0x68737000 	C:\windows\system32\wshunix.dll
0x74200000 - 0x74208000 	C:\Windows\System32\rasadhlp.dll
0x74190000 - 0x741f2000 	C:\windows\System32\fwpuclnt.dll
0x68df0000 - 0x68e19000 	C:\windows\SYSTEM32\ntmarta.dll

dbghelp: loaded successfully - version: 4.0.5 - missing functions: none
symbol engine: initialized successfully - sym options: 0x614 - pdb path: .;C:\Users\AnilPraveen\.bubblewrap\jdk\jdk-17.0.11+9\bin;C:\windows\SYSTEM32;C:\windows\WinSxS\x86_microsoft.windows.common-controls_6595b64144ccf1df_6.0.26100.8737_none_85b66585f7afe078;C:\Users\AnilPraveen\.bubblewrap\jdk\jdk-17.0.11+9\bin\client;C:\Users\AnilPraveen\.gradle\native\c067742578af261105cb4f569cf0c3c89f3d7b1fecec35dd04571415982c5e48\windows-i386;C:\Users\AnilPraveen\.gradle\native\100fb08df4bc3b14c8652ba06237920a3bd2aa13389f12d3474272988ae205f9\windows-i386

VM Arguments:
jvm_args: --add-opens=java.base/java.lang=ALL-UNNAMED --add-opens=java.base/java.lang.invoke=ALL-UNNAMED --add-opens=java.base/java.util=ALL-UNNAMED --add-opens=java.prefs/java.util.prefs=ALL-UNNAMED --add-exports=jdk.compiler/com.sun.tools.javac.api=ALL-UNNAMED --add-exports=jdk.compiler/com.sun.tools.javac.util=ALL-UNNAMED --add-opens=java.base/java.util=ALL-UNNAMED --add-opens=java.prefs/java.util.prefs=ALL-UNNAMED --add-opens=java.base/java.nio.charset=ALL-UNNAMED --add-opens=java.base/java.net=ALL-UNNAMED --add-opens=java.base/java.util.concurrent.atomic=ALL-UNNAMED --add-opens=java.xml/javax.xml.namespace=ALL-UNNAMED -Xmx1536m -Dfile.encoding=windows-1252 -Duser.country=IN -Duser.language=en -Duser.variant -javaagent:C:\Users\AnilPraveen\.gradle\wrapper\dists\gradle-8.11.1-bin\bpt9gzteqjrbo1mjrsomdt32c\gradle-8.11.1\lib\agents\gradle-instrumentation-agent-8.11.1.jar 
java_command: org.gradle.launcher.daemon.bootstrap.GradleDaemon 8.11.1
java_class_path (initial): C:\Users\AnilPraveen\.gradle\wrapper\dists\gradle-8.11.1-bin\bpt9gzteqjrbo1mjrsomdt32c\gradle-8.11.1\lib\gradle-daemon-main-8.11.1.jar
Launcher Type: SUN_STANDARD

[Global flags]
     intx CICompilerCount                          = 1                                         {product} {ergonomic}
    uintx CodeCacheExpansionSize                   = 32768                                  {pd product} {ergonomic}
    uintx InitialCodeCacheSize                     = 163840                                 {pd product} {ergonomic}
   size_t InitialHeapSize                          = 16777216                                  {product} {ergonomic}
   size_t MaxHeapSize                              = 1610612736                                {product} {command line}
   size_t MaxNewSize                               = 536870912                                 {product} {ergonomic}
   size_t MinHeapDeltaBytes                        = 131072                                    {product} {ergonomic}
   size_t MinHeapSize                              = 6291456                                   {product} {ergonomic}
     bool NeverActAsServerClassMachine             = true                                   {pd product} {ergonomic}
   size_t NewSize                                  = 5570560                                   {product} {ergonomic}
    uintx NonNMethodCodeHeapSize                   = 5242880                                {pd product} {ergonomic}
    uintx NonProfiledCodeHeapSize                  = 0                                      {pd product} {ergonomic}
   size_t OldSize                                  = 11206656                                  {product} {ergonomic}
     bool ProfileInterpreter                       = false                                  {pd product} {ergonomic}
    uintx ProfiledCodeHeapSize                     = 0                                      {pd product} {ergonomic}
    uintx ReservedCodeCacheSize                    = 33554432                               {pd product} {ergonomic}
   size_t SoftMaxHeapSize                          = 1610612736                             {manageable} {ergonomic}
     bool UseLargePagesIndividualAllocation        = false                                  {pd product} {ergonomic}
     bool UseSerialGC                              = true                                      {product} {ergonomic}

Logging:
Log output configuration:
 #0: stdout all=warning uptime,level,tags
 #1: stderr all=off uptime,level,tags

Environment Variables:
JAVA_HOME=C:\Users\AnilPraveen\.bubblewrap\jdk\jdk-17.0.11+9\
CLASSPATH=D:\My Projects\mygovtjobs-main\android-twa\\gradle\wrapper\gradle-wrapper.jar
PATH=C:\Users\AnilPraveen\.bubblewrap\jdk\jdk-17.0.11+9\bin\;C:\Program Files\PowerShell\7;C:\windows\system32;C:\windows;C:\windows\System32\Wbem;C:\windows\System32\WindowsPowerShell\v1.0\;C:\windows\System32\OpenSSH\;C:\Program Files (x86)\NVIDIA Corporation\PhysX\Common;C:\Program Files\NVIDIA Corporation\NVIDIA App\NvDLISR;C:\Users\Administrator\AppData\Local\Microsoft\WindowsApps;C:\Program Files\HP\OMEN-Broadcast\Common;C:\Program Files\nodejs\;C:\Program Files\Git\cmd;C:\Program Files\PowerShell\7\;C:\Program Files\cursor\resources\app\bin;C:\Program Files\GitHub CLI\;C:\Program Files\Docker\Docker\resources\bin;C:\Users\AnilPraveen\AppData\Local\Programs\Python\Python312\Scripts\;C:\Users\AnilPraveen\AppData\Local\Programs\Python\Python312\;C:\Users\AnilPraveen\AppData\Local\Programs\Python\Launcher\;E:\Guru_Assistance\bin;E:\Jarvis\bin;C:\Users\AnilPraveen\AppData\Local\Microsoft\WindowsApps;C:\Users\AnilPraveen\AppData\Local\GitHubDesktop\bin;C:\Users\AnilPraveen\AppData\Local\Python\bin;C:\Users\AnilPraveen\AppData\Roaming\npm;C:\Users\AnilPraveen\AppData\Local\Programs\Antigravity\bin;C:\Users\AnilPraveen\AppData\Local\Programs\Ollama;C:\Users\AnilPraveen\AppData\Local\Programs\Microsoft VS Code\bin;C:\Users\AnilPraveen\AppData\Local\Microsoft\WinGet\Links;C:\Users\AnilPraveen\.lmstudio\bin
USERNAME=AnilPraveen
LANG=en_US.UTF-8
OS=Windows_NT
PROCESSOR_IDENTIFIER=AMD64 Family 25 Model 124 Stepping 0, AuthenticAMD
TMP=C:\Users\ANILPR~1\AppData\Local\Temp
TEMP=C:\Users\ANILPR~1\AppData\Local\Temp



Periodic native trim disabled


---------------  S Y S T E M  ---------------

OS:
 Windows 11 , 64 bit Build 26100 (10.0.26100.8737)
OS uptime: 0 days 4:54 hours
Hyper-V role detected

CPU: total 12 (initial active 12) (12 cores per cpu, 2 threads per core) family 25 model 124 stepping 0 microcode 0xa70c00a, cx8, cmov, fxsr, ht, mmx, 3dnowpref, sse, sse2, sse3, ssse3, sse4a, sse4.1, sse4.2, popcnt, lzcnt, tsc, tscinvbit, avx, avx2, aes, erms, clmul, bmi1, bmi2, adx, avx512f, avx512dq, avx512cd, avx512bw, avx512vl, sha, fma, vzeroupper, avx512_vpopcntdq, avx512_vpclmulqdq, avx512_vaes, avx512_vnni, clflush, clflushopt, avx512_vbmi2, avx512_vbmi, hv
Processor Information for all 12 processors :
  Max Mhz: 3201, Current Mhz: 3201, Mhz Limit: 3201

Memory: 4k page, system-wide physical 15599M (1809M free)
TotalPageFile size 41946M (AvailPageFile size 10985M), user-mode portion of virtual address-space 2047M (61M free)
current process WorkingSet (physical memory assigned to process): 657M, peak: 657M
current process commit charge ("private bytes"): 743M, peak: 743M

vm_info: OpenJDK Client VM (17.0.11+9) for windows-x86 JRE (17.0.11+9), built on Apr 18 2024 18:23:17 by "admin" with MS VC++ 16.10 / 16.11 (VS2019)

END.
